(Parent) ASIN,(Child) ASIN,Title,SKU,Sessions - Total,Sessions - Total - B2B,Session Percentage - Total,Session Percentage - Total - B2B,Page Views - Total,Page Views - Total - B2B,Page Views Percentage - Total,Page Views Percentage - Total - B2B,Featured Offer (Buy Box) Percentage,Featured Offer (Buy Box) Percentage - B2B,Units Ordered,Units Ordered - B2B,Unit Session Percentage,Unit Session Percentage - B2B,Ordered Product Sales,Ordered Product Sales - B2B,Total Order Items,Total Order Items - B2B
B0F18CMJ3L,B0F18CMJ3L,"NewEleven Retirement Gifts For Men 2025 - Coworker Leaving, Goodbye Gift, Farewell Gifts For Coworkers, Friends, Dad, Grandpa - Retirement Gift For Men From Friend, Family, Colleague - Whiskey Glass",CU-4EWE-9UH1,164,4,2.88%,5.26%,238,4,3.31%,4.21%,100.00%,100.00%,44,1,26.83%,25.00%,"$1,011.12",$22.98,43,1
B0F8QTMBRV,B0DGGDX9P5,"NewEleven 40th Birthday Gifts For Women, Her - 1985 40th Birthday Decorations For Women - 40 Year Old Gifts For Her, Mom, Wife, Sister, Friends - 16 Oz Coffee Glass",EI-6RN9-0Z0A,149,5,2.62%,6.58%,225,8,3.13%,8.42%,100.00%,100.00%,26,1,17.45%,20.00%,$441.48,$16.98,24,1
B0FD9QBGZH,B0DH7YGD9Q,"NewEleven 50th Birthday Gifts For Men Women - 1975 50th Birthday Decorations For Him Her - Present For Men Women Turning 50 Year Old Gifts For Mom, Dad, Wife, Husband - 20 Oz Tumbler",EC-NYJH-0YZA,142,1,2.50%,1.32%,175,1,2.44%,1.05%,100.00%,100.00%,22,0,15.49%,0.00%,$439.56,$0.00,22,0
B0FD9QBGZH,B0DM63J16N,"NewEleven 60th Birthday Gifts For Women - 1965 60th Birthday Decorations For Woman - Turning 60-60 Year Old Gifts For Women, Mom, Wife - 20 Oz Tumbler",CB-D2S7-7LAE,113,0,1.99%,0.00%,160,0,2.23%,0.00%,100.00%,0.00%,19,0,16.81%,0.00%,$417.62,$0.00,19,0
B0FH6R5YTH,B0FC69Q8BS,"NewEleven Retirement Gift For Woman, Men - Heartfelt Message, Retirement Card For Boss, Friend - Coworker Leaving Gifts For Women From Friends, Colleague - Greeting Card",ZB-KCAW-W2E3,129,2,2.27%,2.63%,186,2,2.59%,2.11%,100.00%,100.00%,19,0,14.73%,0.00%,$113.81,$0.00,19,0
B0FCLHRJ36,B0FCLHRJ36,"NewEleven Birthday Gifts for Women - Thank You Present, Christian Gifts for Women, Mom, Teacher - Inspirational Gift for Coworker - Handmade Positive Sunflower Doll Crochet with Card",0M-ATAJ-MC5Y,170,1,2.99%,1.32%,232,1,3.23%,1.05%,99.47%,0.00%,25,0,14.71%,0.00%,$249.75,$0.00,19,0
B0FFH2DPYK,B089QFYLFB,"NewEleven 50th Birthday Gifts For Women, Her - 1975 50th Birthday Decorations - Gift For Women Turning 50-50 Year Old Gifts For Her, Mom, Wife, Friends - 12 Oz Wine Tumbler",XH-ELQT-PEJ2,50,2,0.88%,2.63%,60,4,0.84%,4.21%,100.00%,100.00%,17,1,34.00%,50.00%,$339.66,$19.98,17,1
B0FH6R5YTH,B0FC69R4PK,"NewEleven Retirement Gift For Woman - Retirement Card For Women, Men, Boss - Funny Retirements Gifts For Men, Farewell Gifts For Coworkers From Work Bestie, Colleague - Greeting Card",A9-HSHI-ATQO,86,1,1.51%,1.32%,107,1,1.49%,1.05%,100.00%,100.00%,17,0,19.77%,0.00%,$101.83,$0.00,17,0
B0F9W75LLW,B0CG8N67SJ,"NewEleven Fathers Day Gift For Dad - Birthday Gifts For Dad From Daughter, Son, Kids - Husband Gift - Birthday Present Ideas For Father, New Papa, Bonus Father From Daughter, Son - 20 Oz Tumbler",FQ-Q5JW-E8TK,136,1,2.39%,1.32%,175,2,2.44%,2.11%,95.81%,100.00%,16,1,11.76%,100.00%,$319.68,$19.98,16,1
B0FFH2DPYK,B08R8PXYL6,"NewEleven 60th Birthday Gifts For Women - 1965 Birthday Decorations For Women - Happy 60th Celebration Gifts - Gift for turning 60 For Mom, Wife, Aunt - 12 Oz Wine Tumbler",ZG-6MPB-F5JV,61,2,1.07%,2.63%,72,2,1.00%,2.11%,98.53%,100.00%,17,0,27.87%,0.00%,$339.66,$0.00,15,0
B0F7H2RCV2,B0DH88L44J,"NewEleven Retirement Gift For Woman 2025 - Cool Retirement Gifts - Coworker Leaving Gifts, Farewell Presents, Retired Decorations, Farewell Goodbye Gift For Coworkers, Friends - 16 Oz Wine Glass",3E-J0TV-6W9S,138,1,2.43%,1.32%,202,1,2.81%,1.05%,100.00%,100.00%,15,0,10.87%,0.00%,$344.70,$0.00,15,0
B0FJDY1LNS,B08ZRWW1W4,"NewEleven Retirement Gifts For Woman 2025 - Funny Retirement Gifts For Coworker Leaving - Farewell, Leaving, Goodbye Gift For Coworkers, Friends - 12 Oz Tumbler",A6-H1II-ZKFG,62,1,1.09%,1.32%,79,2,1.10%,2.11%,100.00%,0.00%,12,0,19.35%,0.00%,$275.76,$0.00,12,0
B0FD9QBGZH,B0DHCGTL3R,"NewEleven 70th Birthday Gifts For Men Women - 1955 70th Birthday Decorations - Gifts For Men Women Turning 70-70 Year Old Gifts For Man, Woman - 20 Oz Tumbler",DF-AWOB-F9BG,31,1,0.54%,1.32%,48,1,0.67%,1.05%,100.00%,100.00%,13,1,41.94%,100.00%,$259.74,$19.98,12,1
B0FJYFJ3WN,B0F18PVLJ1,"NewEleven Retirement Gift For Woman, Men 2025 - Goodbye Present, Going Away Gift, Farewell Gifts For Coworkers - Retirement Gifts For Men, Women From Colleague, Friend, Family - 20 Oz Tumbler",WD-3UXP-TSPV,80,1,1.41%,1.32%,127,1,1.77%,1.05%,100.00%,100.00%,12,0,15.00%,0.00%,$275.76,$0.00,12,0
B0FD9QBGZH,B0DH7X6R1J,NewEleven 50th Birthday Gifts For Women - 1975 50th Birthday Decorations For Women - Gifts For Her Turning 50 Year Old - 20 Oz Tumbler,YJ-F5N3-DGJ5,76,0,1.34%,0.00%,101,0,1.41%,0.00%,100.00%,0.00%,11,0,14.47%,0.00%,$241.78,$0.00,11,0
B0FHKT7T9Q,B0FC6DJMD9,"NewEleven Gifts For Mom - Heartfelt Message, Birthday Card For Mom From Daughter, Son, Kids - Meaningful Gift, Unique Present For Mother - Greeting Card",1E-URHL-R626,73,1,1.28%,1.32%,87,1,1.21%,1.05%,100.00%,0.00%,10,0,13.70%,0.00%,$59.90,$0.00,10,0
B0D83GTKZK,B08R8R2LQF,"NewEleven 40th Birthday Gifts For Men Women - 1985 40th Birthday Decorations For Men Women - 40 Year Old Birthday Gifts For Dad, Mom, Friends Turning 40-20 Oz Tumbler",JC-JMFX-W7IY,26,1,0.46%,1.32%,39,1,0.54%,1.05%,100.00%,100.00%,9,0,34.62%,0.00%,$206.82,$0.00,9,0
B0D8699Y17,B0BYCT1SRJ,"NewEleven Gifts For Aunt From Niece, Nephew - Cool Gifts For Auntie, Sister - Aunty Birthday Gift - Announcement, Promoted To Aunt - 16 Oz Coffee Glass",LH-BSSY-KKX9,32,0,0.56%,0.00%,51,0,0.71%,0.00%,100.00%,0.00%,10,1,31.25%,0.00%,$159.80,$15.98,9,1
B0DKDWHJ2P,B0CRVTN11L,"NewEleven Gifts For Mom, New Mother - Gifts For a Mom of Boys, Pregnant Mother, Expecting Momomy, Mama, Moms To Be, Mommy To Be - 16 Oz Coffee Glass",Y1-7KOS-V5KR,169,0,2.97%,0.00%,235,0,3.27%,0.00%,63.72%,0.00%,9,0,5.33%,0.00%,$143.82,$0.00,9,0
B0FG7QMV1Y,B0D7HMXCSP,"NewEleven Retirement Gifts, Farewell Gift, Goodbye Present for Coworkers, New Beginnings Gifts for Women Men, Christmas Gift for Coworkers Friends Work Bestie Boss Leader - 8 Oz Candle",UB-TA3P-4YBQ,66,0,1.16%,0.00%,81,0,1.13%,0.00%,100.00%,0.00%,9,0,13.64%,0.00%,$143.82,$0.00,9,0
B0FJDLVWD4,B0CY4MC1GJ,"NewEleven Gifts For Him - Fishing Gifts For Men, Dad, Fisherman, Father - Practical Gift, Dad Birthday Present, Men, Husband - 20 Oz Tumbler",YJ-23CQ-KDB5,48,0,0.84%,0.00%,61,0,0.85%,0.00%,100.00%,0.00%,8,0,16.67%,0.00%,$127.84,$0.00,8,0
B0FD9QBGZH,B0DH83T7MF,"NewEleven 50th Birthday Gifts For Men Women - 1975 50th Birthday Decorations For Him Her - Present For Men Women Turning 50 Year Old Gifts For Mom, Dad, Wife, Husband - 20 Oz Tumbler",RP-GISO-TOFC,38,0,0.67%,0.00%,42,0,0.58%,0.00%,100.00%,0.00%,8,0,21.05%,0.00%,$159.84,$0.00,8,0
B0FD9QBGZH,B0DH86X93V,"NewEleven 40th Birthday Gifts For Men Women - 1985 40th Birthday Decorations For Him, Her - Turning 40-40 Year Old Gifts For Man, Woman, Mom, Dad, Wife, Husband - 20 Oz Tumbler",Z0-L1YB-49DF,37,0,0.65%,0.00%,53,0,0.74%,0.00%,100.00%,0.00%,8,0,21.62%,0.00%,$159.84,$0.00,8,0
B0FFGT9TWF,B0DVSKXLS5,"NewEleven Gifts For Mom, Birthday Gifts For Mom From Daughters, Son - New Mom Gift, Mother In Law - Bible Jar For Mom - Decorative Glass Inspirational Scripture Jar with 92 Bible Verse",UI-VXIT-1YW7,65,1,1.14%,1.32%,87,3,1.21%,3.16%,96.25%,0.00%,8,0,12.31%,0.00%,$135.84,$0.00,8,0
B0FFGT9TWF,B0F13S4HSG,"NewEleven Sister Birthday Gifts - Gift For Sister, Soul Sis, Sisters In Law - Sisters Gifts From Sister, Brother, Friend, Family - Decorative Glass Scripture Jar With 92 Bible Verse",M7-LMCU-PTYK,174,2,3.06%,2.63%,220,4,3.06%,4.21%,100.00%,100.00%,8,0,4.60%,0.00%,$151.84,$0.00,8,0
B0FH6R5YTH,B0FC69GZW9,"NewEleven Retirement Gifts - Retirement Card For Women, Men, Boss - Coworker Leaving Gifts For Women, Happy Farewell Card, Meaningful Gift From Colleague - Greeting Card",W6-C0RK-V9ZB,49,1,0.86%,1.32%,64,1,0.89%,1.05%,100.00%,100.00%,8,1,16.33%,100.00%,$47.92,$5.99,8,1
B0F8QTMBRV,B0DGGDN9WS,"NewEleven 30th Birthday Gifts For Her Women - 1995 30th Birthday Decorations For Woman - 30 Year Old Gifts Idea For Friends, Sister - 16 Oz Coffee Glass",SZ-GAM6-6BB0,83,2,1.46%,2.63%,114,3,1.59%,3.16%,100.00%,100.00%,7,0,8.43%,0.00%,$111.86,$0.00,7,0
B0FHKT7T9Q,B0FC5TBFWB,"NewEleven Dog Dad Gifts For Men - Humorous Present, Cute Birthday Gifts For Dog Lovers, Husband, Him - Funny Dog Dad Card From Friend, Family - Greeting Card",60-KN47-M9LV,63,1,1.11%,1.32%,79,1,1.10%,1.05%,100.00%,100.00%,7,0,11.11%,0.00%,$48.93,$0.00,7,0
B0FH6R5YTH,B0FC6B7XH2,"NewEleven Retirement Card For Woman, Men - Funny Retirement Present, Goodbye Gifts For Coworkers, Farewell Gifts For Men, Boss From Coworker - Greeting Card",XL-UV7U-G4EA,26,0,0.46%,0.00%,27,0,0.38%,0.00%,100.00%,0.00%,7,0,26.92%,0.00%,$41.93,$0.00,7,0
B0DVYKZQJ5,B0CJ2CKDR8,"NewEleven Gifts For Godmother - Will You Be My Godmother From GodChild - Pregnancy Announcement Gifts For God Mother, Godmom, Godparents - 16 Oz Coffee Glass",SE-AHQ6-UUXA,29,0,0.51%,0.00%,37,0,0.51%,0.00%,100.00%,0.00%,6,0,20.69%,0.00%,$77.88,$0.00,6,0
B0F4CLW9JM,B0DRT3MK34,"NewEleven Engagement Gifts for Couples 2025 - Gift for Newly Engaged Couples, Happy Engagement Gifts for Her, Women, Friends, Bride to Be Gift, Glass Ornament",87-ARXM-YV1I,16,1,0.28%,1.32%,21,1,0.29%,1.05%,100.00%,0.00%,6,0,37.50%,0.00%,$59.94,$0.00,6,0
B0FHKT7T9Q,B0F2TDMHFC,"NewEleven Gifts For Mom - Birthday Card For Mom From Daughter, Son, Kids, Husband - Wife Gift - Unique Present Ideas For Mother, Mother In Law, Wife, New Mama - Greeting Card",LT-01MF-LZ2N,51,1,0.90%,1.32%,59,1,0.82%,1.05%,100.00%,0.00%,6,0,11.76%,0.00%,$59.94,$0.00,6,0
B0FFGT9TWF,B0FBQZZK71,"NewEleven Gifts For Grandma - Christian Gift, Nana Gift, Grandma Birthday Gifts From Granddaughter, Grandson, Kids - Decorative Glass Inspirational Scripture Jar with 92 Bible Verse",RW-PY02-EIMY,91,1,1.60%,1.32%,108,4,1.50%,4.21%,100.00%,100.00%,6,0,6.59%,0.00%,$107.88,$0.00,6,0
B0FHBBJ3JH,B0FC5SSDXK,"NewEleven Gifts For Women - Wedding Anniversary Card For Wife, Husband, Couple - Romanic Love Gifts For Boyfriend From Girlfriend, Her - Greeting Card",D0-B6A7-C5GP,39,0,0.69%,0.00%,45,0,0.63%,0.00%,100.00%,0.00%,6,0,15.38%,0.00%,$34.95,$0.00,6,0
B0D6VF9KJW,B08ZYGT8SH,NEWELEVEN Valentines Gifts For Men - Aprons For Men With Pockets - Funny Gifts For Him - BBQ Kitchen Chef Apron,QV-HPXT-L8DT,54,0,0.95%,0.00%,69,0,0.96%,0.00%,100.00%,0.00%,5,0,9.26%,0.00%,$79.90,$0.00,5,0
B0DVZ9NWDG,B092HNBJT6,"NewEleven Coworker Leaving Gifts - Farewell Gifts, Going Away Gift For Coworker - New Job, Goodbye, Good Luck Gift For Coworkers, Colleagues, Boss, Men, Women, Friends - 20 Oz Tumbler",W7-BHYY-1NZC,60,1,1.05%,1.32%,74,1,1.03%,1.05%,100.00%,100.00%,5,0,8.33%,0.00%,$99.90,$0.00,5,0
B0DVZ28QXB,B0CQJZP6TK,"NewEleven Gifts For Aunt - Aunt Gifts From Niece, Nephew - Birthday Gift For Auntie, New Aunts, Auntie, To Be Aunts - 16 Oz Coffee Glass",FJ-K5JP-AWYT,70,0,1.23%,0.00%,97,0,1.35%,0.00%,100.00%,0.00%,5,0,7.14%,0.00%,$79.90,$0.00,5,0
B0DKFMCWJ8,B0DHC932W2,"NewEleven 40th Birthday Gifts for Men Women - 1985 40 Year Old Gifts for Men, Women, Dad, Mom, Husband, Wife - Retro Trucker Hat",HO-F3TN-5J1L,10,0,0.18%,0.00%,14,0,0.19%,0.00%,100.00%,0.00%,5,0,50.00%,0.00%,$89.90,$0.00,5,0
B0FHKT7T9Q,B0F2T4JDF7,"NewEleven Birthday Gifts For Mom, Funny Card Gifts For Mom, Awesome Mommy Present From Daughter, Best Mother's Day Gift Idea For Wife, Sister - Humorous Greeting Card",AU-GMLU-KG6Z,88,0,1.55%,0.00%,110,0,1.53%,0.00%,38.32%,0.00%,5,0,5.68%,0.00%,$49.95,$0.00,5,0
B0FFGT9TWF,B0F6M3X7LG,"NewEleven Birthday Gifts For Women - Christian Gifts For Women, Her, Friends - Appreciation Present From Friend, Family - Decorative Glass Inspirational Scripture Jar With 92 Bible Verse",9Y-C7LJ-8AVP,46,2,0.81%,2.63%,58,2,0.81%,2.11%,100.00%,0.00%,5,1,10.87%,50.00%,$84.90,$16.98,5,1
B0FFGT9TWF,B0FBRBL1CQ,"NewEleven Gifts For Aunt - Aunt Birthday Gifts From Niece, Newphew, Kids - Auntie Gift Ideas, Christian Gift For Aunt, Auntie - Decorative Glass Scripture Jar With 92 Bible Verse",O8-51RP-7R9U,47,0,0.83%,0.00%,53,0,0.74%,0.00%,100.00%,0.00%,5,1,10.64%,0.00%,$84.90,$16.98,5,1
B0FH6R5YTH,B0FC686CQV,"NewEleven Going Away Gift - Farewell Gifts For Coworkers, Boss - Coworker Leaving Gifts For Women, Goodbye Gift Card For Colleague, Work Bestie - Greeting Card",27-N5JD-WKOZ,36,1,0.63%,1.32%,44,1,0.61%,1.05%,100.00%,100.00%,5,0,13.89%,0.00%,$39.95,$0.00,5,0
B0FH6R5YTH,B0FC69XTZ9,"NewEleven Funny Retirement Gifts For Men, Women - Going Away Gift, Coworker Leaving Gifts For Women, Farewell Gift For Coworkers, Boss, Colleague - Greeting Card",B4-IRKZ-AKKE,36,2,0.63%,2.63%,43,2,0.60%,2.11%,100.00%,100.00%,5,0,13.89%,0.00%,$39.95,$0.00,5,0
B0FHKT7T9Q,B0FC6CY15S,"NewEleven Cat Mom Gifts For Women - Cat Birthday Card, Funny Gift For Cat Lover, Cat Mom, Her - Cat Lover Gifts For Women From Friend, Family - Greeting Card",5P-CAQZ-6FK5,49,1,0.86%,1.32%,60,1,0.84%,1.05%,100.00%,0.00%,5,0,10.20%,0.00%,$34.95,$0.00,5,0
B0FHBBJ3JH,B0FC6FNMMD,"NewEleven Engagement Gifts For Couples - Happy Wedding Cards For Bride And Groom - Romantic Present, Congratulation Wedding Gifts From Friend, Family - Greeting Card",TU-XEZX-HS89,56,2,0.98%,2.63%,82,3,1.14%,3.16%,100.00%,100.00%,5,0,8.93%,0.00%,$34.95,$0.00,5,0
B0D6VF9KJW,B08CDFWN1Q,"NewEleven Valentines Gifts For Men, Dad, Husband, Him - Aprons For Men With Pockets - Funny Gifts For Men, Dad, Husband, Boyfriend, Him, Brother, Uncle - Grill Cooking BBQ Kitchen Chef Apron",T7-POTQ-PD13,26,1,0.46%,1.32%,29,1,0.40%,1.05%,100.00%,100.00%,4,0,15.38%,0.00%,$63.92,$0.00,4,0
B0DM95S8ZK,B0BRCJ5VYH,"NewEleven Gifts For Cat Mom, Cats Lover - Cat Gifts For Women - Cute Kitten Stuff, Cats Themed Gift For Women - Cute Funny Gift For Her, Best Friend - 16 Oz Coffee Glass",CZ-V369-AMB3,20,0,0.35%,0.00%,21,0,0.29%,0.00%,100.00%,0.00%,4,0,20.00%,0.00%,$39.96,$0.00,4,0
B0D6W5PCC1,B0C9BZRC4K,"NewEleven Gifts For Mom - Birthday Gifts For Mom From Kids – Unique Birthday Present Ideas For Mother, New Mom, Mom To Be, Wife From Daughter, Son, Husband - 16 Oz Coffee Glass",YM-PHWT-7K9Y,15,0,0.26%,0.00%,15,0,0.21%,0.00%,100.00%,0.00%,4,0,26.67%,0.00%,$67.92,$0.00,4,0
B0FGDHKH6G,B0CXXJ751C,"NewEleven Gifts For Friends, Bestie – Work Bestie Presents For Women Friends - Appreciation Gifts For Coworkers, Unique Present Ideas For Coworker Leaving, Farewell Party – 16 Oz Coffee Glass",7X-5K3W-K6CS,34,0,0.60%,0.00%,41,0,0.57%,0.00%,100.00%,0.00%,4,0,11.76%,0.00%,$63.92,$0.00,4,0
B0FHPQWHQY,B0CY4G9VSR,"NewEleven Trucker Cap for Men, Dad, Husband, Fisherman – Funny Fishing Hat, Trucker Hat Birthday Present for Him, Father, Guys Who Love Fishing",BP-B33W-HG8K,37,0,0.65%,0.00%,45,0,0.63%,0.00%,97.62%,0.00%,5,0,13.51%,0.00%,$99.90,$0.00,4,0
B0FFH2DPYK,B0CYS94K31,"NewEleven 40th Birthday Gifts For Women - 40s Birthday Decorations For Women - 40 Year Old Gifts For Her, Sister, Mom, Daughter, Best Friend - In My Forties Era Wine Tumbler - 12 Oz Tumbler",75-LNB7-IBAL,24,0,0.42%,0.00%,31,0,0.43%,0.00%,100.00%,0.00%,4,0,16.67%,0.00%,$71.92,$0.00,4,0
B0DKDWHJ2P,B0DCJM56W3,"NewEleven Gifts For New Mom 2025 – Pregnancy Gifts For First Time Mom, Pregnant Mommy, Expecting Mother, Moms To Be, Mommy To Be, New Moms - 16 Oz Coffee Glass",SG-SV6L-3ILW,38,0,0.67%,0.00%,45,0,0.63%,0.00%,97.73%,0.00%,4,0,10.53%,0.00%,$51.96,$0.00,4,0
B0DKJ5THF2,B0DHC2C1S4,"NewEleven 50th Birthday Gifts for Men Women - 1975 Birthday Decorations for Him, Her - Gifts for People Turning 50 Year Old Mom, Dad, Wife, Husband - Retro Trucker Hat",S1-6FQM-HSP6,14,0,0.25%,0.00%,15,0,0.21%,0.00%,100.00%,0.00%,4,0,28.57%,0.00%,$71.92,$0.00,4,0
B0F7H2RCV2,B0F13MKH7X,"NewEleven Retirement Gift For Woman 2025 - Coworker Leaving Gift, Going Away Gifts For Friends, Her, Mom, Boss - Farewell Gifts For Coworkers Women From Friend, Family And Colleague - 16 Oz Wine Glass",ML-PHKJ-4KBU,34,0,0.60%,0.00%,50,0,0.70%,0.00%,100.00%,0.00%,4,0,11.76%,0.00%,$95.92,$0.00,4,0
B0FHKT7T9Q,B0FC5XQTBQ,"NewEleven Dog Mom Gifts For Women - Dog Mom Card, Cute Gifts For Dog Lovers, Dogs Owners - Birthday Gift, Dogs Moms Gift From Friend, Husband, Family - Greeting Card",1A-JRBV-8HH8,28,1,0.49%,1.32%,32,1,0.45%,1.05%,100.00%,0.00%,4,0,14.29%,0.00%,$23.96,$0.00,4,0
B0FJDLVWD4,B09792XF8F,"NewEleven Gift For Brother From Sister, Bro - Best Birthday Gift For Big, Little Brother, Siblings, Brothers In Law - Funny Gag Gifts For Men - 20 Oz Tumbler",CC-VIYV-1LFP,15,0,0.26%,0.00%,18,0,0.25%,0.00%,88.89%,0.00%,3,0,20.00%,0.00%,$59.94,$0.00,3,0
B0DYP51XSW,B09XXP5V2W,"NewEleven Retirement Gifts For Men Women 2025 - Retirement Party Decorations - Retired Presents For Coworker Leaving, Men, Retired People, Coworkers, Friends - 20 Oz Tumbler",FL-GKXG-L8RH,51,2,0.90%,2.63%,60,2,0.84%,2.11%,100.00%,100.00%,3,0,5.88%,0.00%,$59.94,$0.00,3,0
B0D6V486CJ,B09ZYBDMZ1,"NewEleven Coworker Leaving Gifts - Farewell Gifts, Going Away Gift For Coworker - New Job Gift, Goodbye, Good Luck Presents For Coworkers, Friends, Boss, Men, Women - 20 Oz Tumbler",Y3-JOZK-KF6U,28,0,0.49%,0.00%,32,0,0.45%,0.00%,100.00%,0.00%,3,0,10.71%,0.00%,$59.94,$0.00,3,0
B0DVZ9NWDG,B09ZYCD6GX,"NewEleven Coworker Leaving Gifts - Farewell Gifts, Going Away Gift For Coworker - New Job, Goodbye, Good Luck Gift For Coworkers, Colleagues, Boss, Men, Women, Friends - 20 Oz Tumbler",1Q-FSNP-VBED,17,0,0.30%,0.00%,23,0,0.32%,0.00%,100.00%,0.00%,3,0,17.65%,0.00%,$59.94,$0.00,3,0
B0FGDHKH6G,B0BRB6NJCT,"NewEleven Coworker Leaving Gifts - Gifts For Coworker Farewell, Going Away, Goodbye, New Job - Good Luck Presents For Friends, Boss, Women, Work Bestie – 16 Oz Coffee Glass",MF-GYAU-GTQX,43,3,0.76%,3.95%,59,4,0.82%,4.21%,100.00%,100.00%,3,1,6.98%,33.33%,$44.94,$14.98,3,1
B0DYP51XSW,B0C3CW184G,"NewEleven Retirement Gifts For Woman 2025 - Happy Retirement Gifts For Coworker Leaving - Farewell, Goodbye Presents For Women, Coworkers, Friends - 20 Oz Tumbler",L6-4LV1-54DE,12,0,0.21%,0.00%,24,0,0.33%,0.00%,100.00%,0.00%,3,0,25.00%,0.00%,$59.94,$0.00,3,0
B0DVZ9NWDG,B0CDLPSMGF,"NewEleven Coworker Leaving Gifts - Farewell, Going Away Gift For Coworker - New Job, Goodbye, Good Luck Gifts For Coworkers, Colleagues, Boss, Men, Women, Friends - 20 Oz Tumbler",CO-C7X6-C1NV,12,0,0.21%,0.00%,12,0,0.17%,0.00%,100.00%,0.00%,3,0,25.00%,0.00%,$59.94,$0.00,3,0
B0FD9QBGZH,B0CDLQGPKC,"NewEleven Gifts For Men, Women - Funny Gag Gifts Ideas For Dad, Mom, Grandpa, Grandma, Husband, Wife, Uncle, Him - 40th 50th 60th 70th 80th Birthday Gifts For Men Women – 20 Oz Tumbler",38-P9JP-4W92,12,0,0.21%,0.00%,15,0,0.21%,0.00%,100.00%,0.00%,3,0,25.00%,0.00%,$47.94,$0.00,3,0
B0F9W75LLW,B0CKYJ8WLN,"NewEleven Fathers Day Gift For Grandpa From Granddaughter, Grandson - Birthday Present Ideas For Grandfather, New Grandfather, Promoted To Granddad, Grandchildren, Grandkids - 20 Oz Tumbler",FM-KSML-Z7CU,18,0,0.32%,0.00%,29,0,0.40%,0.00%,100.00%,0.00%,3,0,16.67%,0.00%,$53.94,$0.00,3,0
B0D6YH6BCN,B0CKYMNV39,"NEWELEVEN Christmas Book Lovers Gifts for Women, Friends - Bookshelf Cup, Accessories for Writers, Readers, Librarian, Bookaholic, Bookworm - 16 Oz Coffee Glass",QE-7AYT-7B4M,17,0,0.30%,0.00%,22,0,0.31%,0.00%,95.45%,0.00%,3,0,17.65%,0.00%,$29.97,$0.00,3,0
B0FGDHKH6G,B0CRKQR2KF,"NewEleven Gift For Friends, Bestie - Birthday Gifts for Women Friendship - Unique Friendship Gifts For Women, Friend, Bestie, Bff, Soul Sister, Work Bestie - 16 Oz Coffee Glass",C6-OPZ3-4B3S,43,1,0.76%,1.32%,53,1,0.74%,1.05%,97.92%,0.00%,3,0,6.98%,0.00%,$44.94,$0.00,3,0
B0FJDLVWD4,B0CY4HY9KC,"NewEleven Gifts For Him, Men - Fishing Gifts For Men, Dad, Cup Gift For Fisherman, Father - Dad Birthday Gift From Wife, Kids - 20 Oz Tumbler",KK-1KUK-ZBSZ,7,0,0.12%,0.00%,10,0,0.14%,0.00%,100.00%,0.00%,3,0,42.86%,0.00%,$47.94,$0.00,3,0
B0D6Y54MJD,B0CZDV6J3V,"NewEleven Gifts For Book Lovers - Book Lovers Gifts For Women - Book Themed Gift for Readers, Librarians, Bookaholics - Birthday Gift For Women, Her, Best Friend – 16 Oz Coffee Glass",0B-GUIB-F6GL,13,0,0.23%,0.00%,16,0,0.22%,0.00%,100.00%,0.00%,3,0,23.08%,0.00%,$41.94,$0.00,3,0
B0FFH2DPYK,B0D79751XN,"NewEleven 30th Birthday Gifts For Women - 30s Birthday Decorations For Women - 30 Year Old Gifts For Her, Woman, Sister, Mom, Daughter, Best Friend - In My Thirties Era Wine Tumbler - 12 Oz Tumbler",BA-CM7Z-VMQN,8,0,0.14%,0.00%,11,0,0.15%,0.00%,100.00%,0.00%,3,0,37.50%,0.00%,$38.94,$0.00,3,0
B0DPKY9KZ1,B0D9L8P1XL,"NewEleven Gifts for Women Friendship - Funny Gift for Friends Female - Unique Friendship Gifts for Women, Friend, Female, Bestie, BFF, Soul Sister, Work Bestie - Candle",1G-WJN6-34JP,32,1,0.56%,1.32%,38,1,0.53%,1.05%,100.00%,0.00%,3,0,9.38%,0.00%,$53.94,$0.00,3,0
B0FD9QBGZH,B0DH7PQ1RX,"NewEleven 40th Birthday Gifts For Men Women - 1985 40th Birthday Decorations For Men Women - Turning 40-40 Year Old Gifts For Man, Woman, Mom, Dad, Wife, Husband - 20 Oz Tumbler",7N-6OBC-K7DN,10,0,0.18%,0.00%,11,0,0.15%,0.00%,100.00%,0.00%,3,0,30.00%,0.00%,$59.94,$0.00,3,0
B0FD9QBGZH,B0DH87FYNN,"NewEleven 60th Birthday Gifts For Men Women - 1965 60th Birthday Decorations For Him Her - Turning 60 Year Old Gifts For Man, Woman, Mom, Dad, Wife, Husband - 20 Oz Tumbler",UM-NFPU-HUFM,26,0,0.46%,0.00%,35,0,0.49%,0.00%,100.00%,0.00%,3,0,11.54%,0.00%,$59.94,$0.00,3,0
B0F48FK7R3,B0DWMZXCZP,"NewEleven Class Of 2025 Graduation Gifts For Her, Friends - Funny Master Degree, College Graduation Gifts From Friends And Family - 16 Oz Coffee Glass",UZ-8P0A-GPKD,5,0,0.09%,0.00%,5,0,0.07%,0.00%,100.00%,0.00%,3,0,60.00%,0.00%,$35.97,$0.00,3,0
B0FJYFJ3WN,B0F6M1XX87,"NewEleven Coworker Gifts For Women, Men - Funny Best Friend Present For Work Bestie, Boss, Friends - Gift For Boss, Employer, Bestfriend Gag Gift From Colleague, Friends - 20 Oz Tumbler",51-MNGA-I4QG,32,0,0.56%,0.00%,36,0,0.50%,0.00%,100.00%,0.00%,3,0,9.38%,0.00%,$50.94,$0.00,3,0
B0FHBBJ3JH,B0FC5Q3KVJ,"NewEleven Gifts For Men - Romantic Gifts For Boyfriend, Husband, Him - Couple Gift Cards, Anniversary Card For Husband From Wife, Her - Greeting Card",BP-IWCY-92GM,34,0,0.60%,0.00%,41,0,0.57%,0.00%,100.00%,0.00%,3,0,8.82%,0.00%,$20.97,$0.00,3,0
B0FH6R5YTH,B0FC5XL613,"NewEleven Funny Gifts For Boss - Thank You Card, Appreciation Present, Birthday Boss Gifts For Women, Men - Manager Gift From Staff, Coworker, Colleague - Greeting Card",UU-WJ6M-WTFN,31,0,0.54%,0.00%,34,0,0.47%,0.00%,100.00%,0.00%,3,0,9.68%,0.00%,$17.97,$0.00,3,0
B0FH6R5YTH,B0FC62VRRC,"NewEleven Best Friend Gift - Funny Card, Best Friend Birthday Gifts For Women, Her, Girls - Bestie Present, Meaningful Gift From Friends - Greeting Card",OF-YAJT-Y5A4,58,0,1.02%,0.00%,66,0,0.92%,0.00%,100.00%,0.00%,3,0,5.17%,0.00%,$17.97,$0.00,3,0
B0FHKT7T9Q,B0FC65Z1KQ,"NewEleven Dog Mom Gifts For Women - Funny Dog Dad Gift, Cute Card For Dog Lover - Birthday Cards, Dog Dad Gifts For Men From Wife, Her, Friend - Greeting Card",ZM-69AN-C3J3,29,1,0.51%,1.32%,32,1,0.45%,1.05%,100.00%,0.00%,3,0,10.34%,0.00%,$17.97,$0.00,3,0
B0D6V486CJ,B09XDFF8FF,"NewEleven 20 Oz Tumbler - Farewell Gift for Coworker, BPA-Free Stainless Steel Drinking Cup, Double Wall Vacuum Insulation, Going Away Gift for Men Women, Good Luck Gifts",HR-LSGT-JYQH,582,8,10.23%,10.53%,629,8,8.75%,8.42%,99.67%,100.00%,2,0,0.34%,0.00%,$39.96,$0.00,2,0
B0FJDY1LNS,B0B2WGL9ZW,"NewEleven Retirement Gifts For Women 2025 - Happy Retirement Gift - Coworker Leaving Gift, Farewell Gifts, Goodbye Presents For Coworkers, Friends - 12 Oz Tumbler",DI-F7I2-E7AK,15,0,0.26%,0.00%,21,0,0.29%,0.00%,100.00%,0.00%,2,0,13.33%,0.00%,$45.96,$0.00,2,0
B0FJDY1LNS,B0B9RLH8RV,"NewEleven Retirement Gifts For Women 2024 - Happy Retirement Gift - Coworker Leaving, Farewell, Goodbye Gifts For Coworkers, Friends - 12 Oz Tumbler",HB-YPM1-SCJA,16,0,0.28%,0.00%,21,0,0.29%,0.00%,100.00%,0.00%,2,0,12.50%,0.00%,$45.96,$0.00,2,0
B0F8VCZ61V,B0BDLH8KX3,"NewEleven Gifts For Wife, Her - Wife Gifts From Husband - Gift For Her - Gift Ideas For Women, Bride To Be, Fiancee, Wifey - 16 Oz Coffee Glass",47-ZC5Z-3DOW,6,0,0.11%,0.00%,9,0,0.13%,0.00%,85.71%,0.00%,2,0,33.33%,0.00%,$23.98,$0.00,2,0
B0FG7PKPXP,B0BYDBW7PH,"NewEleven Gifts For Nurse - Nurse Gifts For Women - Caregiver Appreciation Gift, Nursing Student, Nurses Practitioner - RN Gift For Nurses Women - 16 Oz Coffee Glass",IP-TZ2U-AFMB,9,0,0.16%,0.00%,12,0,0.17%,0.00%,100.00%,0.00%,2,0,22.22%,0.00%,$19.98,$0.00,2,0
B0D6YH6BCN,B0BYDDFNBD,"NewEleven Gifts For Book Lovers - Book Lovers Gifts For Women - Bookish Gift for Readers, Librarians, Bookaholics, Bookworm - Birthday Gift For Women, Her, Best Friend – 16 Oz Coffee Glass",BC-HKBD-KBAM,28,0,0.49%,0.00%,38,0,0.53%,0.00%,94.74%,0.00%,2,0,7.14%,0.00%,$29.96,$0.00,2,0
B0FGDHKH6G,B0CBJQZCFY,"NewEleven Gifts For Friends, Bestie – Work Bestie Presents For Women Friends - Appreciation Gifts For Coworkers, Unique Present Ideas For Coworker Leaving, Farewell Party – 16 Oz Coffee Glass",2D-H3QH-UR6F,12,0,0.21%,0.00%,13,0,0.18%,0.00%,100.00%,0.00%,5,0,41.67%,0.00%,$74.90,$0.00,2,0
B0FD9QBGZH,B0CLYRNFBT,"NewEleven Birthday Gifts For Men, Women - Funny Gag Gifts Ideas For Dad, Mom, Grandpa, Grandma, Husband, Wife, Uncle, Him - 40th 50th 60th 70th 80th Birthday Gifts For Men Women – 20 Oz Tumbler",3N-MM56-1WA4,12,0,0.21%,0.00%,19,0,0.26%,0.00%,100.00%,0.00%,2,0,16.67%,0.00%,$31.98,$0.00,2,0
B0F7H2RCV2,B0CWNTN1JN,"NewEleven Retirement Gifts For Women 2025 - Happy Retirement Party Decorations - Coworker Leaving Gifts, Farewell Gift, Goodbye Gift For Coworkers, Friends - 16 Oz Wine Glass",XL-MR6A-RPZ5,39,0,0.69%,0.00%,40,0,0.56%,0.00%,100.00%,0.00%,2,0,5.13%,0.00%,$47.96,$0.00,2,0
B0F8QTMBRV,B0CYPT8HM7,"NewEleven 30th Birthday Gifts For Women - 30s Birthday Decorations - 30 Year Old Gifts For Her, Woman, Sister, Mom, Daughter, Best Friend - In My Thirties Era Glass - 16 Oz Coffee Glass",C9-FSMU-8JV2,40,1,0.70%,1.32%,46,1,0.64%,1.05%,100.00%,0.00%,2,0,5.00%,0.00%,$33.96,$0.00,2,0
B0DKDWHJ2P,B0D1K731RT,"NewEleven Gifts For Girl Mom - Gift For A Mom Of Girls, Pregnant Moms, Expecting Moms, Mama, Mother To Be, Mommy To Be, First Time Mommy - 16 Oz Coffee Glass",9U-YWFQ-3O7Z,32,0,0.56%,0.00%,36,0,0.50%,0.00%,97.06%,0.00%,2,0,6.25%,0.00%,$31.96,$0.00,2,0
B0DP2KFK2P,B0DH7Y6RDX,"NewEleven 50th Birthday Gifts For Her, Women - Vintage 1975 50th Birthday Decorations For Women - 50 Year Old Present Ideas For Wife, Mom, Grandma, Aunt, Friends, Female - 16 Oz Wine Glass",IC-D6DJ-S9KY,12,0,0.21%,0.00%,15,0,0.21%,0.00%,100.00%,0.00%,2,0,16.67%,0.00%,$25.98,$0.00,2,0
B0FFGT9TWF,B0DVSKBSWN,"NewEleven Fathers Day Gift For Dad, Birthday Gifts For Dad From Daughter, Son - New Dad Gift, Bible Jar For Father - Decorative Glass Inspirational Scripture Jar with 92 Bible Verse",GE-UCH3-MNIE,41,0,0.72%,0.00%,45,0,0.63%,0.00%,100.00%,0.00%,2,0,4.88%,0.00%,$33.96,$0.00,2,0
B0FD9TKCYT,B0DYDZFRZD,"NewEleven Gift For Teachers - Teacher Appreciation Gifts For Women, New Teachers - Teacher Gifts For Women From Student, Friends, Family And Coworker - 20 Oz Tumbler",4E-EG59-NN41,7,0,0.12%,0.00%,7,0,0.10%,0.00%,100.00%,0.00%,2,0,28.57%,0.00%,$33.96,$0.00,2,0
B0FFGT9TWF,B0F13VCCMP,"NewEleven Daughter Birthday Gifts - Gifts For Daughter, Daughters In Law - Daughters Birthday Gift Ideas From Mom, Dad - Decorative Glass Scripture Jar With 92 Bible Verse",CG-9LUS-K14G,54,2,0.95%,2.63%,66,2,0.92%,2.11%,100.00%,100.00%,2,0,3.70%,0.00%,$35.96,$0.00,2,0
B0FFGT9TWF,B0F7WVKZ6F,"NewEleven Gift For Grandpa - Meaningful Grandpa Gifts From Granddaughter, Grandson - Grandpa Birthday Gifts For Grandfather, New Granddad, PaPa - Bible Jar",8O-S5PG-85KF,15,1,0.26%,1.32%,16,1,0.22%,1.05%,100.00%,0.00%,2,0,13.33%,0.00%,$33.96,$0.00,2,0
B0FFGT9TWF,B0F7WYS1R1,"NewEleven Uncle Birthday Gifts - Gift For Uncle, Funcle - Meaningful Present, Birthday Gift For Uncles From Newphew, Niece, Kids - Bible Jar",YA-B9EW-YOZ9,9,0,0.16%,0.00%,9,0,0.13%,0.00%,100.00%,0.00%,2,0,22.22%,0.00%,$35.96,$0.00,2,0
B0FFGT9TWF,B0F7XCP31P,"NewEleven Gift For Brother - Brother Birthday Gifts, Christian Gifts For Little, Adult Bro, Sibling - Meaningful Gift For Brothers From Sister, Family - Bible Jar",JB-RJTD-OQ2R,35,0,0.62%,0.00%,45,0,0.63%,0.00%,100.00%,0.00%,2,0,5.71%,0.00%,$37.96,$0.00,2,0
B0FH6R5YTH,B0FC6CNPQK,"NewEleven Thank You Cards - Teacher Appreciation Gifts, Thanks You Present For Friend, Teacher, Boss - Thank You Gifts For Women, Men From Bestie, Family, Colleague - Greeting Card",4R-QNTR-6X4P,23,0,0.40%,0.00%,24,0,0.33%,0.00%,100.00%,0.00%,2,0,8.70%,0.00%,$9.98,$0.00,2,0
B0FHBBJ3JH,B0FC6DL8X8,"NewEleven Wedding Gifts For Couples 2025 - Heartfelt Message, Meaningful Wedding Card For Bride, Groom - Newly Wed Gifts For The Couple From Friend, Family - Greeting Card",XK-EXGK-T2H0,44,0,0.77%,0.00%,51,0,0.71%,0.00%,100.00%,0.00%,3,0,6.82%,0.00%,$17.97,$0.00,2,0
B0FH6R5YTH,B0FC6DMH5L,"NewEleven Funny Retirement Gifts For Men - Farewell Gifts For Coworkers, Funny Present For Boss, Colleague - Retirement Card For Men From Friend, Work Bestie - Greeting Card",7P-OJZF-5789,44,1,0.77%,1.32%,47,1,0.65%,1.05%,100.00%,100.00%,2,0,4.55%,0.00%,$11.98,$0.00,2,0
B0D83GTKZK,B08R8SW1NM,"NewEleven 50th Birthday Gifts For Men Women - 1975 50th Birthday Decorations For Men Women - Gifts For Women Turning 50-50 Year Old Gift For Men, Woman, Mom, Dad, Wife, Husband - 20 Oz Tumbler",IW-9AEL-FYY3,10,0,0.18%,0.00%,12,0,0.17%,0.00%,100.00%,0.00%,1,0,10.00%,0.00%,$14.99,$0.00,1,0
B0DVZ9NWDG,B08Y8RZRHG,"NEWELEVEN Coworker Leaving Gift - Farewell, Going Away, New Job, Goodbye, Good Luck for Colleagues, Boss, Men, Women, Friends - 20 Oz Tumbler",31-PNFY-F78S,5,0,0.09%,0.00%,6,0,0.08%,0.00%,100.00%,0.00%,1,0,20.00%,0.00%,$19.98,$0.00,1,0
B0F9W75LLW,B0978WGWY4,"NewEleven Gifts For Him, Men - Gift For Men, Women, Dad, Husband, Friend - Thank You Gifts, Appreciation Gift, Graduation Presents For Men, Nurse, Teacher, Boss, Coworker - 20 Oz Tumbler",BJ-VG4K-QQW3,19,0,0.33%,0.00%,21,0,0.29%,0.00%,95.00%,0.00%,1,0,5.26%,0.00%,$16.98,$0.00,1,0
B0F9W75LLW,B097B9H21P,"NewEleven Gifts For Mom From Daughter, Son, Kids - Unique Birthday Gift For Mom Wife, New Mother, Bonus Mama, Pregnant Mama - Funny Gifts Ideas For Mum - 20 Oz Tumbler",YP-SEHP-8NOP,11,0,0.19%,0.00%,12,0,0.17%,0.00%,100.00%,0.00%,1,0,9.09%,0.00%,$16.98,$0.00,1,0
B0FJDLVWD4,B097H6PJCN,"NewEleven Gift For Uncle From Niece, Nephew - Funny Unkie Gift, Uncle Birthday Gifts - Best Present For New Uncles, Funcle, Unky Announcement - 20 Oz Tumbler",C5-L2Z6-TAT4,6,0,0.11%,0.00%,8,0,0.11%,0.00%,100.00%,0.00%,1,0,16.67%,0.00%,$19.98,$0.00,1,0
B0995JRMHP,B0995JRMHP,Neweleven Replacement Lid For 20 Oz NewEleven Tumbler - Pack of 2 lids,O1-FU7J-W72I,1,0,0.02%,0.00%,1,0,0.01%,0.00%,100.00%,0.00%,1,0,100.00%,0.00%,$9.98,$0.00,1,0
B0DYP51XSW,B09XDFLNR8,"NewEleven Retirement Gifts For Woman 2025 - Happy Retirement Gifts For Coworker Leaving - Farewell, Goodbye Presents For Women, Coworkers, Friends - 20 Oz Tumbler",74-78DN-W52B,5,0,0.09%,0.00%,9,0,0.13%,0.00%,100.00%,0.00%,1,0,20.00%,0.00%,$19.98,$0.00,1,0
B0DYP51XSW,B09YCTFXYV,"NewEleven Retirement Gifts For Men Women 2025 - Retirement Party Decorations - Retired Presents For Coworker Leaving, Men, Retired People, Coworkers, Friends - 20 Oz Tumbler",KG-HY7Y-VD9N,10,0,0.18%,0.00%,11,0,0.15%,0.00%,100.00%,0.00%,1,0,10.00%,0.00%,$19.98,$0.00,1,0
B0FGDHKH6G,B0BRB5SPYZ,"NewEleven Gifts For Women Friendship - Funny Gifts For Friends Female - Unique Friendship Present For Her, Female, Bestie, Bff, Soul Sister, Work Bestie - 16 Oz Coffee Glass",25-YAS2-RJHI,12,0,0.21%,0.00%,15,0,0.21%,0.00%,100.00%,0.00%,1,0,8.33%,0.00%,$15.98,$0.00,1,0
B0DM95S8ZK,B0BRCG7S9H,"NewEleven Gifts For Dog Lovers, Dogs Owners, Dog Moms, Fur Mama - Dog Mom Gifts For Women - Cute Funny Gift For Women, Best Friend, Girlfriend - 16 Oz Coffee Glass",2R-X9LF-IOEW,15,0,0.26%,0.00%,19,0,0.26%,0.00%,89.47%,0.00%,1,0,6.67%,0.00%,$9.99,$0.00,1,0
B0DWDQQ88X,B0BYCSHGYX,"NewEleven Gifts For Sister From Sisters, Brother - Unique Birthday Present, Soul Sister, Big Sis Little Sis, Sisters In Law, Sibling, Bestie - 16 Oz Coffee Glass",LB-UB38-W1AN,8,1,0.14%,1.32%,9,1,0.13%,1.05%,100.00%,0.00%,1,0,12.50%,0.00%,$15.98,$0.00,1,0
B0DK4PDRY3,B0C23Y5ZYH,"NewEleven Penguin Gifts For Women - Penguin Stuff For Pengy Lovers - Cute Funny Birthday Gift, Gift For Women, Best Friend, Sister, Daughter, Coworker - 16 Oz Coffee Glass",TU-6PXW-EYJS,3,0,0.05%,0.00%,5,0,0.07%,0.00%,100.00%,0.00%,1,0,33.33%,0.00%,$14.98,$0.00,1,0
B0FJDLVWD4,B0C9D2PHMH,"NewEleven Gifts For Aunt From Niece, Nephew - Cool Gifts For Aunt, New Auntie, Sister - Aunty Birthday Gift, Announcement, Promoted To Auntie, Best Aunty Ever - 20 Oz Tumbler",GX-USB4-E6T8,3,1,0.05%,1.32%,3,1,0.04%,1.05%,66.67%,0.00%,1,0,33.33%,0.00%,$15.98,$0.00,1,0
B0FG7PKPXP,B0CBJR253J,"NewEleven Gifts For Nurse - Nurse Gift For Women - Caregiver Appreciation Gifts, Nursing Student, Nurses Practitioner - RN Gift For Nurses Women - 16 Oz Coffee Glass",DM-ZO4D-MA58,13,1,0.23%,1.32%,21,1,0.29%,1.05%,100.00%,100.00%,1,1,7.69%,100.00%,$9.99,$9.99,1,1
B0D6W5PCC1,B0CBJSYJJS,"NEWELEVEN 16 Oz Coffee Glass - Mom Birthday Gifts, Multicolor, Glass, 16 oz, Reusable, Insulated, Cylindrical, Casual, Cold Drinks, Christmas, Mother's Day, Birthday",IV-16R1-T5AZ,7,0,0.12%,0.00%,8,0,0.11%,0.00%,100.00%,0.00%,1,0,14.29%,0.00%,$12.98,$0.00,1,0
B0D6Y54MJD,B0CCDLWRTD,"NewEleven Gifts For Book Lovers - Book Lovers Gifts For Women, Her, Friends - Book Accessories, Bookish Gifts For Writers, Readers, Librarian, Bookaholic, Bookworm – 16 Oz Coffee Glass",68-JFET-D7YN,10,0,0.18%,0.00%,11,0,0.15%,0.00%,100.00%,0.00%,1,0,10.00%,0.00%,$13.98,$0.00,1,0
B0F9W75LLW,B0CG8NHNWF,"NewEleven Gifts For Mom, Wife - Gifts For Mom From Daughter, Son, Kids - Unique Birthday Present Ideas For Mother, Wife, New Mama From Daughter, Son, Husband - 20 Oz Tumbler",2F-5232-03M8,7,0,0.12%,0.00%,7,0,0.10%,0.00%,100.00%,0.00%,1,0,14.29%,0.00%,$19.98,$0.00,1,0
B0F9W75LLW,B0CHJ1V1RR,"NewEleven Fathers Day Gift For Dad, Men - Funny Birthday Gifts For Dad, Men, Car Guys - Unique Present Idea For Father, Husband, Uncle, Guys From Daughter, Son, Kids, Wife - 20 Oz Tumbler",0I-V2OD-GO56,6,0,0.11%,0.00%,7,0,0.10%,0.00%,100.00%,0.00%,1,0,16.67%,0.00%,$14.98,$0.00,1,0
B0D8699Y17,B0CJ2CNDQT,"NewEleven Gifts For Aunt From Niece, Nephew - Cool Gifts For New Aunt, Auntie, Sister - Auntie Birthday Gift - Announcement, Promoted To Aunty - 16 Oz Coffee Glass",92-KAM5-CE6S,14,0,0.25%,0.00%,17,0,0.24%,0.00%,100.00%,0.00%,1,0,7.14%,0.00%,$14.98,$0.00,1,0
B0F9W75LLW,B0CJX4XSXB,"NewEleven Gifts For Mom - Birthday Gifts For Mom From Daughter, Son, Kids, Husband - Wife Gift - Unique Present Ideas For Mother, Mother In Law, Wife, New Mama - 20 Oz Tumbler",S8-FINW-47HP,17,0,0.30%,0.00%,18,0,0.25%,0.00%,100.00%,0.00%,1,0,5.88%,0.00%,$19.98,$0.00,1,0
B0F9W75LLW,B0CQ2K12H3,"NewEleven Gifts For Grandma - Grandma Gifts From Granddaughter, Grandson - Birthday Gift For Grandmother, Nana, Gigi, Mimi, Grammy From Grandchildren, Grandchild - 20 Oz Tumbler",RR-GSRH-DCUL,4,0,0.07%,0.00%,4,0,0.06%,0.00%,66.67%,0.00%,1,0,25.00%,0.00%,$17.98,$0.00,1,0
B0F9W75LLW,B0CQ4X98YF,"NewEleven Fathers Day Gift For Grandpa - Grandpa Gifts From Granddaughter, Grandson - Unique Birthday Present Ideas For Grandfather, New Granddad, Promoted To Granddad, Grandchildren - 20 Oz Tumbler",IW-TRN7-KQLA,10,0,0.18%,0.00%,14,0,0.19%,0.00%,100.00%,0.00%,1,0,10.00%,0.00%,$19.98,$0.00,1,0
B0F9W75LLW,B0CRDFWF44,"NewEleven Fathers Day Gift For Him - Birthday Gifts For Men, Funny Gift For Dad, Husband, Grandpa, Uncle, Old Men - Cool Gifts For Dad From Daughter, Son – 20 Oz Tumbler",A5-0R5N-261B,6,0,0.11%,0.00%,8,0,0.11%,0.00%,100.00%,0.00%,1,0,16.67%,0.00%,$19.98,$0.00,1,0
B0F9W75LLW,B0CRKR75LJ,"NewEleven Gifts For Grandma - Grandmother Birthday Gifts, Gift for Grandma From Granddaughter Grandson - Presents For Nana, Gigi, Mimi, Grammy, New Grandmother - 20 Oz Tumbler",XF-QHNV-2YN6,6,0,0.11%,0.00%,6,0,0.08%,0.00%,100.00%,0.00%,1,0,16.67%,0.00%,$16.98,$0.00,1,0
B0F8VCZ61V,B0CYSTZG5R,"NewEleven Bridal Shower Gifts - Wedding Gifts For Bride - Bachelorette Party, Engagement Gift For Women - Gift For Bride To Be, Fiancee, Wifey, Her - 16 Oz Coffee Glass",UH-A4QB-NCR6,4,0,0.07%,0.00%,4,0,0.06%,0.00%,100.00%,0.00%,1,0,25.00%,0.00%,$9.99,$0.00,1,0
B0DVYKZQJ5,B0D2NSHWZK,"NewEleven Gifts For Godmother - Will You Be My Godmother From GodChild - Pregnancy Announcement Gifts For Godmom, Godparents - 16 Oz Coffee Glass",J5-EJIM-0Y8E,14,0,0.25%,0.00%,18,0,0.25%,0.00%,100.00%,0.00%,1,0,7.14%,0.00%,$12.98,$0.00,1,0
B0FFH2DPYK,B0D5YHG24C,"NewEleven 50th Birthday Gifts For Women, 50th Birthday Decorations, 50 Years Old Gifts For Her, Sister, Mom, Bestie, 1975 Birthday Gift For Women, Fifties Wine Tumbler - 12 Oz Tumbler",V3-2DHI-A0G1,13,0,0.23%,0.00%,13,0,0.18%,0.00%,100.00%,0.00%,1,0,7.69%,0.00%,$16.98,$0.00,1,0
B0DPKY9KZ1,B0D83SHR3X,"NewEleven Gifts for Book Lovers, Reading Accessories Gift, Bookish Gifts Candles for Women Her, Books Club Gift, Bookish Items Presents for Readers Librarians Bookworm - Reading Book Candle",G3-8OQB-7E7S,5,1,0.09%,1.32%,5,1,0.07%,1.05%,100.00%,0.00%,1,0,20.00%,0.00%,$17.98,$0.00,1,0
B0DKDWHJ2P,B0DCJQ2SKV,"NewEleven Gifts For Mom, New Mom – 2025 Pregnancy Gifts For First Time Mother, Pregnant, Expecting Mama, Mother To Be, Mama, Mommy To Be - 16 Oz Coffee Glass",F5-C0C3-Z1JN,16,0,0.28%,0.00%,16,0,0.22%,0.00%,100.00%,0.00%,1,0,6.25%,0.00%,$12.99,$0.00,1,0
B0FD9QBGZH,B0DM61B4F2,"NewEleven 1985 40th Birthday Gifts For Women - 40 Year Old Birthday Gifts Idea For Women, Her, Mom, Wife - Turning 40 Gift For Woman - 20 Oz Tumbler",1Y-PY2P-6Q4W,20,0,0.35%,0.00%,21,0,0.29%,0.00%,100.00%,0.00%,1,0,5.00%,0.00%,$21.98,$0.00,1,0
B0DQ42YY8T,B0DQ42YY8T,"NewEleven Gifts for Women, Gift for Her, Mom, Friends, A Year of Promises of God Bible Scripture Memory Verse Cards Set of 52 - Christian, Religious, Inspirational Gifts for Women",GQ-R013-PDDU,6,0,0.11%,0.00%,9,0,0.13%,0.00%,100.00%,0.00%,1,0,16.67%,0.00%,$9.98,$0.00,1,0
B0F4CLW9JM,B0DR1SNKVX,"NewEleven Engagement Gifts for Couples 2025 - Gift for Newly Engaged Couples, Happy Engagement Gifts for Her, Women, Friends, Bride to Be Gift, Glass Christmas Ornaments",4L-EMQE-OQ2Y,1,0,0.02%,0.00%,1,0,0.01%,0.00%,100.00%,0.00%,1,0,100.00%,0.00%,$9.99,$0.00,1,0
B0FFGT9TWF,B0DVSJLHZN,"NewEleven Teacher Appreciation Gifts For Women, Thank You Gift for Teachers, Inspirational School Teacher Gifts from Students for Birthday, Retirement, Bible Jar For Teachers with 92 Bible Verses",W1-8IDB-BZ73,9,1,0.16%,1.32%,12,2,0.17%,2.11%,100.00%,0.00%,1,0,11.11%,0.00%,$17.98,$0.00,1,0
B0F8HV7YGQ,B0F17MLPQ4,"NewEleven Grandpa Gifts - Fathers Day Gift For Grandpa, Birthday Gifts For Grandfather, Papa - Grandfather Gift Ideas From Granddaughter, Grandson, Kids - 20 Oz Tumbler",M0-BMOU-WK4K,2,0,0.04%,0.00%,2,0,0.03%,0.00%,100.00%,0.00%,1,0,50.00%,0.00%,$16.98,$0.00,1,0
B0FG7QMV1Y,B0F3C9BMFZ,"NewEleven Retirement Gifts - Retirement Gift for Woman, Farewell Gift, Goodbye Present for Men, Women - Going Away, Goodbye Gifts for Coworkers - Candle",WY-FHPL-MTWW,11,0,0.19%,0.00%,13,0,0.18%,0.00%,100.00%,0.00%,1,0,9.09%,0.00%,$11.98,$0.00,1,0
B0FHKT7T9Q,B0F5B1ZFQW,"NewEleven Gifts For Dad - Dad Birthday Card, Funny Present, Fathers Day Card For Dads From Daughter, Son, Kids - Unique Birthday, Father's Day Gift - Humorous Greeting Cards",92-DVSY-QP6W,3,0,0.05%,0.00%,4,0,0.06%,0.00%,100.00%,0.00%,1,0,33.33%,0.00%,$7.99,$0.00,1,0
B0FHKT7T9Q,B0FC5MVV3Q,"NewEleven Birthday Gifts For Women - Humorous Message, Funny Birthday Gift Card For Men, Women, Dad, Mom, Brother, Sister, Friends, Family - Greeting Card",H4-ZU99-Z57Y,28,0,0.49%,0.00%,29,0,0.40%,0.00%,100.00%,0.00%,1,0,3.57%,0.00%,$5.99,$0.00,1,0
B0FH6R5YTH,B0FC5TLHKZ,"NewEleven Funny Boss Gifts - Appreciaton Card, Boss Birthday Card For Men, Women, Manager - Supervisor Gifts For Women From Coworker, Colleague - Greeting Card",RT-64X6-JD53,14,1,0.25%,1.32%,18,1,0.25%,1.05%,100.00%,100.00%,1,0,7.14%,0.00%,$4.99,$0.00,1,0
B0FH6R5YTH,B0FC5W1QX7,"NewEleven Boss Gifts For Women, Men - Boss Birthday Card, Thank You Gift, Heartfelt Message For Leader - Appreciation Present For Manager Form Colleague, Coworker - Greeting Card",SS-6UAT-LTMJ,14,0,0.25%,0.00%,17,0,0.24%,0.00%,100.00%,0.00%,1,0,7.14%,0.00%,$4.99,$0.00,1,0
B0FH6R5YTH,B0FC6158DB,"NewEleven Best Friends Gift - Heartfelt Message, Birthday Card For Friend - Best Friend Birthday Gifts For Women, Men, Meaningful Gift From Friends - Greeting Card",6B-3XRW-U6OQ,61,3,1.07%,3.95%,80,4,1.11%,4.21%,98.53%,100.00%,1,0,1.64%,0.00%,$7.99,$0.00,1,0
B0FH6R5YTH,B0FC65ZB93,"NewEleven Gift For Boss - Thank You Boss Gifts For Women, Men, Leader - Meaningful Present, Appreciation Gifts For Boss From Coworker, Staff - Greeting Card",S6-VP1K-5XOQ,15,0,0.26%,0.00%,15,0,0.21%,0.00%,100.00%,0.00%,1,0,6.67%,0.00%,$5.99,$0.00,1,0
B0FH6R5YTH,B0FC68NMQ2,"NewEleven Farewell Gifts For Coworkers - Coworker Leaving Gifts For Women, Goodbye Gift Card, Going Away Gift For Colleague, Work Bestie - Greeting Card",UO-G2CF-RBYF,24,0,0.42%,0.00%,29,0,0.40%,0.00%,100.00%,0.00%,1,0,4.17%,0.00%,$5.99,$0.00,1,0
B0FHBBJ3JH,B0FC6DQZCQ,"NewEleven Wedding Gifts For Couples 2025 - Funny Wedding Card For Bride And Groom, Newly Wed Gifts For Couple - Meaningful Present From Friend And Family - Greeting Card",DP-MOZ6-JMS1,10,0,0.18%,0.00%,11,0,0.15%,0.00%,100.00%,0.00%,1,0,10.00%,0.00%,$4.99,$0.00,1,0