"Product";"ASIN";"SKU";"Units";"Refunds";"Sales";"Promo";"Ads";"Sponsored products (PPC)";"Sponsored Display";"Sponsored brands (HSA)";"Sponsored Brands Video";"Google ads";"Facebook ads";"% Refunds";"Sellable Quota";"Refund сost";"Amazon fees";"Cost of Goods";"Shipping";"Gross profit";"Net profit";"Estimated payout";"Expenses";"Margin";"ROI";"BSR";"Real ACOS";"Sessions";"Unit Session Percentage"
"NewEleven 50th Birthday Gifts For Men Women - 1975 50th Birthday Decorations For Him Her - Present For Men Women Turning 50 Year Old Gifts For Mom, Dad, Wife, Husband - 20 Oz Tumbler COG: 3,29 / Price: 19,98";"B0DH7YGD9Q";"EC-NYJH-0YZA";"36";"1";"719,28";"";"-152,95";"-147,48";"";"";"-5,47";"";"";"2,78";"-";"-17,34";"-268,01";"-118,44";"";"162,54";"162,54";"280,98";"";"22,60";"137,23";"3 304";"21,26";"";""
"NewEleven Retirement Gifts For Men 2025 - Coworker Leaving, Goodbye Gift, Farewell Gifts For Coworkers, Friends, Dad, Grandpa - Retirement Gift For Men From Friend, Family, Colleague - Whiskey Glass COG: 1,96 / Price: 22,98";"B0F18CMJ3L";"CU-4EWE-9UH1";"28";"1";"643,44";"-2,3";"-140,32";"-135,19";"";"";"-5,13";"";"";"3,57";"-";"-19,94";"-232,72";"-54,88";"";"193,28";"193,28";"248,16";"";"30,04";"352,19";"7 812";"21,81";"";""
"NewEleven 40th Birthday Gifts For Women, Her - 1985 40th Birthday Decorations For Women - 40 Year Old Gifts For Her, Mom, Wife, Sister, Friends - 16 Oz Coffee Glass COG: 1,99 / Price: 17,98";"B0DGGDX9P5";"EI-6RN9-0Z0A";"23";"";"413,54";"-1,8";"-96,51";"-84,93";"";"";"-11,58";"";"";"";"-";"";"-181,42";"-45,77";"";"88,04";"88,04";"133,81";"";"21,29";"192,35";"8 695";"23,34";"";""
"NewEleven Retirement Gift For Woman, Men 2025 - Goodbye Present, Going Away Gift, Farewell Gifts For Coworkers - Retirement Gifts For Men, Women From Colleague, Friend, Family - 20 Oz Tumbler COG: 3,5 / Price: 22,98";"B0F18PVLJ1";"WD-3UXP-TSPV";"20";"";"459,6";"";"-162,36";"-162,36";"";"";"";"";"";"";"100";"3,5";"-166,79";"-70";"";"63,95";"63,95";"130,45";"";"13,91";"91,36";"10 568";"35,33";"";""
"NewEleven Sister Birthday Gifts - Gift For Sister, Soul Sis, Sisters In Law - Sisters Gifts From Sister, Brother, Friend, Family - Decorative Glass Scripture Jar With 92 Bible Verse COG: 2,59 / Price: 18,98";"B0F13S4HSG";"M7-LMCU-PTYK";"19";"";"360,62";"";"-43,38";"-43,38";"";"";"";"";"";"";"-";"";"-138,39";"-49,21";"";"129,64";"129,64";"178,85";"";"35,95";"263,44";"17 124";"12,03";"";""
"NewEleven 50th Birthday Gifts For Women, Her - 1975 50th Birthday Decorations - Gift For Women Turning 50-50 Year Old Gifts For Her, Mom, Wife, Friends - 12 Oz Wine Tumbler COG: 3,39 / Price: 16,98";"B089QFYLFB";"XH-ELQT-PEJ2";"14";"1";"237,72";"";"-57,25";"-57,25";"";"";"";"";"";"7,14";"100";"-13,95";"-97,54";"-47,46";"";"21,52";"21,52";"65,59";"";"9,05";"45,34";"9 693";"24,08";"";""
"NewEleven Gifts For Aunt - Aunt Gifts From Niece, Nephew - Birthday Gift For Auntie, New Aunts, Auntie, To Be Aunts - 16 Oz Coffee Glass COG: 2,58 / Price: 15,98";"B0CQJZP6TK";"FJ-K5JP-AWYT";"13";"";"207,74";"-1,6";"-20,98";"-19,13";"-1,85";"";"";"";"";"";"-";"";"-88,34";"-36,12";"";"60,70";"60,70";"96,82";"";"29,22";"168,05";"23 611";"10,10";"";""
"NewEleven Gifts For Mom, New Mother - Gifts For a Mom of Boys, Pregnant Mother, Expecting Momomy, Mama, Moms To Be, Mommy To Be - 16 Oz Coffee Glass COG: 2,8 / Price: 15,98";"B0CRVTN11L";"Y1-7KOS-V5KR";"13";"1";"207,74";"";"-34,57";"-34,57";"";"";"";"";"";"7,69";"-";"-13,98";"-99,05";"-36,4";"";"23,74";"23,74";"60,14";"";"11,43";"65,22";"12 021";"16,64";"";""
"NewEleven Fathers Day Gift For Dad - Birthday Gifts For Dad From Daughter, Son, Kids - Husband Gift - Birthday Present Ideas For Father, New Papa, Bonus Father From Daughter, Son - 20 Oz Tumbler COG: 3,56 / Price: 19,98";"B0CG8N67SJ";"FQ-Q5JW-E8TK";"11";"2";"219,78";"-5";"-94,08";"-94,08";"";"";"";"";"";"18,18";"100";"-29,38";"-45,39";"-39,16";"";"6,77";"6,77";"42,37";"";"3,08";"17,29";"7 155";"42,81";"";""
"NewEleven Retirement Gifts, Farewell Gift, Goodbye Present for Coworkers, New Beginnings Gifts for Women Men, Christmas Gift for Coworkers Friends Work Bestie Boss Leader - 8 Oz Candle COG: 4,99 / Price: 15,98";"B0D7HMXCSP";"UB-TA3P-4YBQ";"11";"";"175,78";"";"";"";"";"";"";"";"";"";"-";"";"-96,42";"-49,9";"";"29,46";"29,46";"79,36";"";"16,76";"59,04";"65 678";"";"";""
"NewEleven Gifts For Women - Wedding Anniversary Card For Wife, Husband, Couple - Romanic Love Gifts For Boyfriend From Girlfriend, Her - Greeting Card COG: 0,42 / Price: 6,99";"B0FC5SSDXK";"D0-B6A7-C5GP";"10";"";"69,9";"";"-14,53";"-14,53";"";"";"";"";"";"";"-";"";"-34,43";"-4,2";"";"16,74";"16,74";"20,94";"";"23,95";"398,57";"18 444";"20,79";"";""
"NewEleven 40th Birthday Gifts For Men Women - 1985 40th Birthday Decorations For Men Women - 40 Year Old Birthday Gifts For Dad, Mom, Friends Turning 40-20 Oz Tumbler COG: 4,21 / Price: 22,98";"B08R8R2LQF";"JC-JMFX-W7IY";"9";"2";"206,82";"";"-11,25";"-11,25";"";"";"";"";"";"22,22";"-";"-39,88";"-71,7";"-37,89";"";"46,10";"46,10";"83,99";"";"22,29";"121,67";"24 574";"5,44";"";""
"NewEleven Retirement Gifts For Woman 2025 - Funny Retirement Gifts For Coworker Leaving - Farewell, Leaving, Goodbye Gift For Coworkers, Friends - 12 Oz Tumbler COG: 4,14 / Price: 22,98";"B08ZRWW1W4";"A6-H1II-ZKFG";"9";"1";"206,82";"";"-45,12";"-45,12";"";"";"";"";"";"11,11";"-";"-19,94";"-71,75";"-37,26";"";"32,75";"32,75";"70,01";"";"15,84";"87,90";"20 517";"21,82";"";""
"NewEleven Women - Friend Gifts Ornaments 2025 - Friendship Gifts for Friends, Birthday Gift for Women, Besties, Soul Sisters - Ceramic Christmas Ornaments COG: 0,91 / Price: 4,99";"B0DK16MCXG";"JC-JJYR-OWD3";"9";"";"44,91";"";"";"";"";"";"";"";"";"";"-";"";"-28,17";"-8,19";"";"8,55";"8,55";"16,74";"";"19,04";"104,40";"363 628";"";"";""
"NewEleven Gifts For Mom, Birthday Gifts For Mom From Daughters, Son - New Mom Gift, Mother In Law - Bible Jar For Mom - Decorative Glass Inspirational Scripture Jar with 92 Bible Verse COG: 1,99 / Price: 16,98";"B0DVSKXLS5";"UI-VXIT-1YW7";"9";"1";"152,82";"";"-19,14";"-19,14";"";"";"";"";"";"11,11";"100";"-12,74";"-52,35";"-17,91";"";"50,68";"50,68";"66,6";"";"33,16";"282,97";"17 368";"12,52";"";""
"NewEleven 60th Birthday Gifts For Women - 1965 Birthday Decorations For Women - Happy 60th Celebration Gifts - Gift for turning 60 For Mom, Wife, Aunt - 12 Oz Wine Tumbler COG: 3,31 / Price: 19,98";"B08R8PXYL6";"ZG-6MPB-F5JV";"7";"";"139,86";"";"-18,54";"-18,54";"";"";"";"";"";"";"-";"";"-52,1";"-23,17";"";"46,05";"46,05";"69,22";"";"32,93";"198,75";"9 693";"13,26";"";""
"NewEleven Gifts For Him - Fishing Gifts For Men, Dad, Fisherman, Father - Practical Gift, Dad Birthday Present, Men, Husband - 20 Oz Tumbler COG: 3,66 / Price: 17,98";"B0CY4MC1GJ";"YJ-23CQ-KDB5";"7";"";"125,86";"";"-12,46";"-12,46";"";"";"";"";"";"";"-";"";"-52,74";"-25,62";"";"35,04";"35,04";"60,66";"";"27,84";"136,77";"17 254";"9,90";"";""
"NewEleven 30th Birthday Gifts For Her Women - 1995 30th Birthday Decorations For Woman - 30 Year Old Gifts Idea For Friends, Sister - 16 Oz Coffee Glass COG: 2,11 / Price: 15,98";"B0DGGDN9WS";"SZ-GAM6-6BB0";"7";"";"111,86";"";"-44,03";"-44,03";"";"";"";"";"";"";"-";"";"-52,7";"-14,77";"";"0,36";"0,36";"15,13";"";"0,32";"2,44";"8 696";"39,36";"";""
"NewEleven 60th Birthday Gifts For Women - 1965 60th Birthday Decorations For Woman - Turning 60-60 Year Old Gifts For Women, Mom, Wife - 20 Oz Tumbler COG: 3,26 / Price: 21,98";"B0DM63J16N";"CB-D2S7-7LAE";"7";"";"153,86";"";"-37,07";"-37,07";"";"";"";"";"";"";"-";"";"-54,34";"-22,82";"";"39,63";"39,63";"62,45";"";"25,76";"173,66";"3 305";"24,09";"";""
"NewEleven Fathers Day Gift For Dad, Birthday Gifts For Dad From Daughter, Son - New Dad Gift, Bible Jar For Father - Decorative Glass Inspirational Scripture Jar with 92 Bible Verse COG: 2,14 / Price: 16,98";"B0DVSKBSWN";"GE-UCH3-MNIE";"7";"";"118,86";"";"";"";"";"";"";"";"";"";"";"";"-48,75";"-14,98";"";"55,13";"55,13";"70,11";"";"46,38";"368,02";"17 124";"";"";""
"NewEleven Retirement Gift For Woman 2025 - Cool Retirement Gifts - Coworker Leaving Gifts, Farewell Presents, Retired Decorations, Farewell Goodbye Gift For Coworkers, Friends - 16 Oz Wine Glass COG: 4,48 / Price: 22,98";"B0DH88L44J";"3E-J0TV-6W9S";"6";"";"137,88";"-1,15";"-28,91";"-28,91";"";"";"";"";"";"";"-";"";"-62,12";"-26,88";"";"18,82";"18,82";"45,7";"";"13,65";"70,01";"15 423";"20,97";"";""
"NewEleven Dog Dad Gifts For Men - Humorous Present, Cute Birthday Gifts For Dog Lovers, Husband, Him - Funny Dog Dad Card From Friend, Family - Greeting Card COG: 0,39 / Price: 6,99";"B0FC5TBFWB";"60-KN47-M9LV";"6";"";"41,94";"-1,4";"-7,13";"-7,13";"";"";"";"";"";"";"-";"";"-20,14";"-2,34";"";"10,93";"10,93";"13,27";"";"26,06";"467,09";"12 341";"17,00";"";""
"NewEleven Retirement Gifts - Retirement Card For Women, Men, Boss - Coworker Leaving Gifts For Women, Happy Farewell Card, Meaningful Gift From Colleague - Greeting Card COG: 0,39 / Price: 7,99";"B0FC69GZW9";"W6-C0RK-V9ZB";"6";"";"47,94";"-0,56";"-21,75";"-21,75";"";"";"";"";"";"";"-";"";"-21,52";"-2,34";"";"1,77";"1,77";"4,11";"";"3,69";"75,64";"8 474";"45,37";"";""
"NewEleven 60th Birthday Gifts For Men Women - 1965 60th Birthday Decorations For Him Her - Turning 60 Year Old Gifts For Man, Woman, Mom, Dad, Wife, Husband - 20 Oz Tumbler COG: 3,31 / Price: 19,98";"B0DH87FYNN";"UM-NFPU-HUFM";"5";"";"99,9";"";"-16,07";"-16,07";"";"";"";"";"";"";"-";"";"-37,23";"-16,55";"";"30,05";"30,05";"46,6";"";"30,08";"181,57";"3 305";"16,09";"";""
"NewEleven Gift For Teachers - Teacher Appreciation Gifts For Women, New Teachers - Teacher Gifts For Women From Student, Friends, Family And Coworker - 20 Oz Tumbler COG: 3,42 / Price: 12,98";"B0DYDZFRZD";"4E-EG59-NN41";"5";"";"64,9";"";"-15,4";"-10,62";"";"";"-4,78";"";"";"";"-";"";"-31,44";"-17,1";"";"0,96";"0,96";"18,06";"";"1,48";"5,61";"45 801";"23,73";"";""
"NewEleven Gifts For Men, Dad, Husband, Him - Aprons For Men With Pockets - Funny Gifts For Men, Dad, Husband, Boyfriend, Him, Brother, Uncle - Grill Cooking BBQ Kitchen Chef Apron COG: 3,92 / Price: 12,98";"B08CDFWN1Q";"T7-POTQ-PD13";"4";"";"51,92";"";"";"";"";"";"";"";"";"";"-";"";"-21,3";"-15,68";"";"14,94";"14,94";"30,62";"";"28,78";"95,28";"36 180";"";"";""
"NewEleven Gifts For Aunt From Niece, Nephew - Cool Gifts For Auntie, Sister - Aunty Birthday Gift - Announcement, Promoted To Aunt - 16 Oz Coffee Glass COG: 2,23 / Price: 15,98";"B0BYCT1SRJ";"LH-BSSY-KKX9";"4";"";"63,92";"";"-28,42";"-28,42";"";"";"";"";"";"";"-";"";"-30,46";"-8,92";"";"-3,88";"-3,88";"5,04";"";"-6,07";"-43,50";"30 206";"44,46";"";""
"NewEleven Fathers Day Gift For Grandpa From Granddaughter, Grandson - Birthday Present Ideas For Grandfather, New Grandfather, Promoted To Granddad, Grandchildren, Grandkids - 20 Oz Tumbler COG: 3,5 / Price: 17,98";"B0CKYJ8WLN";"FM-KSML-Z7CU";"4";"";"71,92";"";"-3,36";"-3,36";"";"";"";"";"";"";"-";"";"-19,37";"-14";"";"35,19";"35,19";"49,19";"";"48,93";"251,36";"7 154";"4,67";"";""
"NewEleven 50th Birthday Gifts For Women - 1975 50th Birthday Decorations For Women - Gifts For Her Turning 50 Year Old - 20 Oz Tumbler COG: 3,31 / Price: 21,98";"B0DH7X6R1J";"YJ-F5N3-DGJ5";"4";"";"87,92";"";"-35,45";"-34,1";"";"";"-1,35";"";"";"";"-";"";"-31,09";"-13,24";"";"8,14";"8,14";"21,38";"";"9,26";"61,48";"3 304";"40,32";"";""
"NewEleven 40th Birthday Gifts For Men Women - 1985 40th Birthday Decorations For Him, Her - Turning 40-40 Year Old Gifts For Man, Woman, Mom, Dad, Wife, Husband - 20 Oz Tumbler COG: 3,29 / Price: 19,98";"B0DH86X93V";"Z0-L1YB-49DF";"4";"";"79,92";"";"-14,14";"-14,14";"";"";"";"";"";"";"-";"";"-29,76";"-13,16";"";"22,86";"22,86";"36,02";"";"28,60";"173,71";"3 304";"17,69";"";""
"NewEleven Best Friends Gift - Heartfelt Message, Birthday Card For Friend - Best Friend Birthday Gifts For Women, Men, Meaningful Gift From Friends - Greeting Card COG: 0,39 / Price: 7,99";"B0FC6158DB";"6B-3XRW-U6OQ";"4";"";"31,96";"";"";"";"";"";"";"";"";"";"-";"";"-14,42";"-1,56";"";"15,98";"15,98";"17,54";"";"50,00";"1 024,36";"8 473";"";"";""
"NewEleven Retirement Gift For Woman, Men - Heartfelt Message, Retirement Card For Boss, Friend - Coworker Leaving Gifts For Women From Friends, Colleague - Greeting Card COG: 0,39 / Price: 5,99";"B0FC69Q8BS";"ZB-KCAW-W2E3";"4";"";"23,96";"-0,42";"";"";"";"";"";"";"";"";"-";"";"-13,07";"-1,56";"";"8,91";"8,91";"10,47";"";"37,19";"571,15";"8 474";"";"";""
"NewEleven Funny Retirement Gifts For Men, Women - Going Away Gift, Coworker Leaving Gifts For Women, Farewell Gift For Coworkers, Boss, Colleague - Greeting Card COG: 0,39 / Price: 7,99";"B0FC69XTZ9";"B4-IRKZ-AKKE";"4";"";"31,96";"-0,4";"-2,13";"-2,13";"";"";"";"";"";"";"-";"";"-14,35";"-1,56";"";"13,52";"13,52";"15,08";"";"42,30";"866,67";"8 474";"6,66";"";""
"NewEleven Wedding Gifts For Couples 2025 - Funny Wedding Card For Bride And Groom, Newly Wed Gifts For Couple - Meaningful Present From Friend And Family - Greeting Card COG: 0,39 / Price: 4,99";"B0FC6DQZCQ";"DP-MOZ6-JMS1";"4";"";"19,96";"";"";"";"";"";"";"";"";"";"-";"";"-15,24";"-1,56";"";"3,16";"3,16";"4,72";"";"15,83";"202,56";"18 443";"";"";""
"NewEleven Gifts For Mom - Birthday Gifts For Mom From Kids – Unique Birthday Present Ideas For Mother, New Mom, Mom To Be, Wife From Daughter, Son, Husband - 16 Oz Coffee Glass COG: 2,25 / Price: 16,98";"B0C9BZRC4K";"YM-PHWT-7K9Y";"3";"1";"50,94";"";"-5,5";"-5,5";"";"";"";"";"";"33,33";"-";"-14,73";"-23,31";"-6,75";"";"0,65";"0,65";"7,4";"";"1,28";"9,63";"37 191";"10,80";"";""
"NewEleven Gifts For Nurse - Nurse Gift For Women - Caregiver Appreciation Gifts, Nursing Student, Nurses Practitioner - RN Gift For Nurses Women - 16 Oz Coffee Glass COG: 2,33 / Price: 9,99";"B0CBJR253J";"DM-ZO4D-MA58";"3";"";"29,97";"";"";"";"";"";"";"";"";"";"-";"";"-16,29";"-6,99";"";"6,69";"6,69";"13,68";"";"22,32";"95,71";"32 202";"";"";""
"NewEleven Gifts For Godmother - Will You Be My Godmother From GodChild - Pregnancy Announcement Gifts For God Mother, Godmom, Godparents - 16 Oz Coffee Glass COG: 2,15 / Price: 14,98";"B0CJ2CKDR8";"SE-AHQ6-UUXA";"3";"";"44,94";"";"-6,8";"-6,8";"";"";"";"";"";"";"-";"";"-22,41";"-6,45";"";"9,28";"9,28";"15,73";"";"20,65";"143,88";"56 116";"15,13";"";""
"NewEleven Trucker Cap for Men, Dad, Husband, Fisherman – Funny Fishing Hat, Trucker Hat Birthday Present for Him, Father, Guys Who Love Fishing COG: 2,67 / Price: 15,98";"B0CY4G9VSR";"BP-B33W-HG8K";"3";"";"47,94";"";"";"";"";"";"";"";"";"";"100";"2,67";"-25,08";"-8,01";"";"17,52";"17,52";"22,86";"";"36,55";"218,73";"281 033";"";"";""
"NewEleven 40th Birthday Gifts For Women - 40s Birthday Decorations For Women - 40 Year Old Gifts For Her, Sister, Mom, Daughter, Best Friend - In My Forties Era Wine Tumbler - 12 Oz Tumbler COG: 3,21 / Price: 17,98";"B0CYS94K31";"75-LNB7-IBAL";"3";"";"53,94";"";"-22,61";"-22,61";"";"";"";"";"";"";"-";"";"-21,37";"-9,63";"";"0,33";"0,33";"9,96";"";"0,61";"3,43";"9 694";"41,92";"";""
"NewEleven 50th Birthday Gifts For Her, Women - Vintage 1975 50th Birthday Decorations For Women - 50 Year Old Present Ideas For Wife, Mom, Grandma, Aunt, Friends, Female - 16 Oz Wine Glass COG: 4,26 / Price: 12,99";"B0DH7Y6RDX";"IC-D6DJ-S9KY";"3";"";"38,97";"";"";"";"";"";"";"";"";"";"100";"4,26";"-22,58";"-12,78";"";"7,87";"7,87";"16,39";"";"20,20";"61,58";"52 097";"";"";""
"NewEleven 40th Birthday Gifts for Men Women - 1985 40 Year Old Gifts for Men, Women, Dad, Mom, Husband, Wife - Retro Trucker Hat COG: 1,89 / Price: 16,98";"B0DHC932W2";"HO-F3TN-5J1L";"3";"";"50,94";"";"-10,29";"-9,35";"-0,94";"";"";"";"";"";"-";"";"-25,39";"-5,67";"";"9,59";"9,59";"15,26";"";"18,83";"169,14";"134 802";"20,20";"";""
"NewEleven 70th Birthday Gifts For Men Women - 1955 70th Birthday Decorations - Gifts For Men Women Turning 70-70 Year Old Gifts For Man, Woman - 20 Oz Tumbler COG: 3,32 / Price: 19,98";"B0DHCGTL3R";"DF-AWOB-F9BG";"3";"";"59,94";"";"-13,65";"-12,1";"-1,55";"";"";"";"";"";"-";"";"-22,33";"-9,96";"";"14,00";"14,00";"23,96";"";"23,36";"140,56";"3 305";"22,77";"";""
"NewEleven Engagement Gifts for Couples 2025 - Gift for Newly Engaged Couples, Happy Engagement Gifts for Her, Women, Friends, Bride to Be Gift, Glass Ornament COG: 1,8 / Price: 9,99";"B0DRT3MK34";"87-ARXM-YV1I";"3";"";"29,97";"";"-9,6";"-9,6";"";"";"";"";"";"";"-";"";"-12,65";"-5,4";"";"2,32";"2,32";"7,72";"";"7,74";"42,96";"83 778";"32,03";"";""
"NewEleven Daughter Birthday Gifts - Gifts For Daughter, Daughters In Law - Daughters Birthday Gift Ideas From Mom, Dad - Decorative Glass Scripture Jar With 92 Bible Verse COG: 2,44 / Price: 17,98";"B0F13VCCMP";"CG-9LUS-K14G";"3";"1";"53,94";"";"";"";"";"";"";"";"";"33,33";"-";"-15,6";"-21,39";"-7,32";"";"9,63";"9,63";"16,95";"";"17,85";"131,56";"17 124";"";"";""
"NewEleven Coworker Gifts For Women, Men - Funny Best Friend Present For Work Bestie, Boss, Friends - Gift For Boss, Employer, Bestfriend Gag Gift From Colleague, Friends - 20 Oz Tumbler COG: 0 / Price: 19,98";"B0F6M1XX87";"51-MNGA-I4QG";"3";"";"59,94";"";"";"";"";"";"";"";"";"";"-";"";"-22,32";"";"";"37,62";"37,62";"37,62";"";"62,76";"";"10 567";"";"";""
"NewEleven Gift For Brother - Brother Birthday Gifts, Christian Gifts For Little, Adult Bro, Sibling - Meaningful Gift For Brothers From Sister, Family - Bible Jar COG: 2,62 / Price: 18,98";"B0F7XCP31P";"JB-RJTD-OQ2R";"3";"1";"56,94";"";"";"";"";"";"";"";"";"33,33";"-";"-15,65";"-21,08";"-7,86";"";"12,35";"12,35";"20,21";"";"21,69";"157,12";"17 124";"";"";""
"NewEleven Gifts For Aunt - Aunt Birthday Gifts From Niece, Newphew, Kids - Auntie Gift Ideas, Christian Gift For Aunt, Auntie - Decorative Glass Scripture Jar With 92 Bible Verse COG: 1,97 / Price: 16,98";"B0FBRBL1CQ";"O8-51RP-7R9U";"3";"";"50,94";"";"";"";"";"";"";"";"";"";"-";"";"-20,13";"-5,91";"";"24,90";"24,90";"30,81";"";"48,88";"421,32";"17 124";"";"";""
"NewEleven Dog Mom Gifts For Women - Dog Mom Card, Cute Gifts For Dog Lovers, Dogs Owners - Birthday Gift, Dogs Moms Gift From Friend, Husband, Family - Greeting Card COG: 0,39 / Price: 6,99";"B0FC5XQTBQ";"1A-JRBV-8HH8";"3";"";"20,97";"";"-9,55";"-9,55";"";"";"";"";"";"";"-";"";"-10,34";"-1,17";"";"-0,09";"-0,09";"1,08";"";"-0,43";"-7,69";"12 341";"45,54";"";""
"NewEleven Birthday Gifts for Women - Thank You Present, Christian Gifts for Women, Mom, Teacher - Inspirational Gift for Coworker - Handmade Positive Sunflower Doll Crochet with Card COG: 2,23 / Price: 9,99";"B0FCLHRJ36";"0M-ATAJ-MC5Y";"3";"";"29,97";"";"-15,07";"-15,07";"";"";"";"";"";"";"-";"";"-14,34";"-6,69";"";"-6,13";"-6,13";"0,56";"";"-20,45";"-91,63";"230 585";"50,28";"";""
"NewEleven 40th Birthday Gifts For Women - 40th Birthday Decorations For Women, Her - Best 40 Year Old Gifts Ideas For Wife, Mom, Friends, Sister - Turning 40 Presents For Female - 12 Oz Tumbler COG: 3,87 / Price: 14,99";"B089QFK8NV";"6O-P3K0-CFHN";"2";"";"29,98";"";"";"";"";"";"";"";"";"";"-";"";"-13,29";"-7,74";"";"8,95";"8,95";"16,69";"";"29,85";"115,63";"9 694";"";"";""
"NewEleven Coworker Leaving Gifts - Farewell Gifts, Going Away Gift For Coworker - New Job, Goodbye, Good Luck Gift For Coworkers, Colleagues, Boss, Men, Women, Friends - 20 Oz Tumbler COG: 4,63 / Price: 19,98";"B092HNBJT6";"W7-BHYY-1NZC";"2";"";"39,96";"";"-10,91";"-10,91";"";"";"";"";"";"";"-";"";"-14,9";"-9,26";"";"4,89";"4,89";"14,15";"";"12,24";"52,81";"30 649";"27,30";"";""
"NewEleven Retirement Gifts For Women 2025 - Happy Retirement Gift - Coworker Leaving Gift, Farewell Gifts, Goodbye Presents For Coworkers, Friends - 12 Oz Tumbler COG: 3,73 / Price: 22,98";"B0B2WGL9ZW";"DI-F7I2-E7AK";"2";"";"45,96";"";"";"";"";"";"";"";"";"";"-";"";"-15,96";"-7,46";"";"22,54";"22,54";"30";"";"49,04";"302,14";"20 517";"";"";""
"NewEleven Gifts For Cat Mom, Cats Lover - Cat Gifts For Women - Cute Kitten Stuff, Cats Themed Gift For Women - Cute Funny Gift For Her, Best Friend - 16 Oz Coffee Glass COG: 2 / Price: 9,99";"B0BRCJ5VYH";"CZ-V369-AMB3";"2";"";"19,98";"";"";"";"";"";"";"";"";"";"-";"";"-12,5";"-4";"";"3,48";"3,48";"7,48";"";"17,42";"87,00";"53 787";"";"";""
"NewEleven Cute Glass Coffee Cups With Lids And Straw – Aesthetic Cups – Iced Coffee Cup, Coffees Tumbler – Galentines Gifts For Women, Coffees Lover - 16 Oz Coffee Glass COG: 2,33 / Price: 14,98";"B0C1BS7BV8";"8N-VAIO-VFH3";"2";"";"29,96";"";"";"";"";"";"";"";"";"";"-";"";"-14,93";"-4,66";"";"10,37";"10,37";"15,03";"";"34,61";"222,53";"26 410";"";"";""
"NewEleven Fathers Day Gift For Dad - Birthday Gifts For Dad From Kids - Husband Gift - Birthday Present Ideas For Father, Husband, New Papa, Bonus Father From Daughter, Son - 20 Oz Tumbler COG: 3,44 / Price: 19,98";"B0CM5RJ8VD";"1J-71GS-RJFC";"2";"";"39,96";"";"";"";"";"";"";"";"";"";"-";"";"-0,36";"-6,88";"";"32,72";"32,72";"39,6";"";"81,88";"475,58";"7 154";"";"";""
"NewEleven Gifts For Friends, Bestie – Work Bestie Presents For Women Friends - Appreciation Gifts For Coworkers, Unique Present Ideas For Coworker Leaving, Farewell Party – 16 Oz Coffee Glass COG: 2,55 / Price: 15,98";"B0CXXJ751C";"7X-5K3W-K6CS";"2";"";"31,96";"";"-5,75";"-5,75";"";"";"";"";"";"";"-";"";"-16";"-5,1";"";"5,11";"5,11";"10,21";"";"15,99";"100,20";"26 410";"17,99";"";""
"NewEleven 30th Birthday Gifts For Women - 30s Birthday Decorations - 30 Year Old Gifts For Her, Woman, Sister, Mom, Daughter, Best Friend - In My Thirties Era Glass - 16 Oz Coffee Glass COG: 2,1 / Price: 15,98";"B0CYPT8HM7";"C9-FSMU-8JV2";"2";"";"31,96";"";"-11,3";"-11,3";"";"";"";"";"";"";"-";"";"-15,04";"-4,2";"";"1,42";"1,42";"5,62";"";"4,44";"33,81";"8 695";"35,36";"";""
"NewEleven Gifts For Nurse - Nursing Graduation Gift For Women Her - Caregiver Appreciation Gifts, Nursing Student, New Nurses, Nurse Practitioner, RN - 16 Oz Coffee Glass COG: 2,68 / Price: 9,99";"B0D1GF81G8";"WJ-F0KW-EYOB";"2";"";"19,98";"";"";"";"";"";"";"";"";"";"-";"";"-21,22";"-2,68";"";"-3,92";"-3,92";"-1,24";"";"-19,62";"-146,27";"32 200";"";"";""
"NewEleven Gifts for Women Friendship - Funny Gift for Friends Female - Unique Friendship Gifts for Women, Friend, Female, Bestie, BFF, Soul Sister, Work Bestie - Candle COG: 4,55 / Price: 17,98";"B0D9L8P1XL";"1G-WJN6-34JP";"2";"";"35,96";"";"";"";"";"";"";"";"";"";"-";"";"-15,96";"-9,1";"";"10,90";"10,90";"20";"";"30,31";"119,78";"182 301";"";"";""
"NewEleven Class Of 2025 Graduation Gifts For Her, Friends - Funny Master Degree, College Graduation Gifts From Friends And Family - 16 Oz Coffee Glass COG: 2,3 / Price: 9,99";"B0DWMZXCZP";"UZ-8P0A-GPKD";"2";"";"19,98";"";"-5,32";"-5,32";"";"";"";"";"";"";"-";"";"-11,78";"-4,6";"";"-1,72";"-1,72";"2,88";"";"-8,61";"-37,39";"32 202";"26,63";"";""
"NewEleven Retirement Gift For Woman 2025 - Farewell Gifts For Coworkers, Boss, Friend, Teacher, Grandma - Coworker Leaving Gifts For Women From Friend, Family - Tumbler 12 Oz COG: 3,4 / Price: 22,98";"B0F189PXWB";"L4-F4C9-QOS5";"2";"";"45,96";"";"";"";"";"";"";"";"";"";"-";"";"-15,96";"-6,8";"";"23,20";"23,20";"30";"";"50,48";"341,18";"20 519";"";"";""
"NewEleven Gifts For Mom - Birthday Card For Mom From Daughter, Son, Kids, Husband - Wife Gift - Unique Present Ideas For Mother, Mother In Law, Wife, New Mama - Greeting Card COG: 0,46 / Price: 9,99";"B0F2TDMHFC";"LT-01MF-LZ2N";"2";"";"19,98";"";"-18,41";"-18,41";"";"";"";"";"";"";"-";"";"-7,88";"-0,92";"";"-7,23";"-7,23";"-6,31";"";"-36,19";"-785,87";"12 341";"92,14";"";""
"NewEleven Birthday Gifts For Women - Christian Gifts For Women, Her, Friends - Appreciation Present From Friend, Family - Decorative Glass Inspirational Scripture Jar With 92 Bible Verse COG: 2,62 / Price: 16,98";"B0F6M3X7LG";"9Y-C7LJ-8AVP";"2";"1";"33,96";"";"-7";"-7";"";"";"";"";"";"50,00";"-";"-14,73";"-13,42";"-5,24";"";"-6,43";"-6,43";"-1,19";"";"-18,93";"-122,71";"17 124";"20,61";"";""
"NewEleven Best Friend Birthday Gifts For Women - Best Friend Gift For Her, Him - Bestie Gift, Christian Present From Friends - Decorative Glass Inspirational Scripture Jar with 92 Bible Verse COG: 2,62 / Price: 17,98";"B0F8VPS7QN";"FY-G9UN-GE5E";"2";"";"35,96";"";"";"";"";"";"";"";"";"";"-";"";"-13,74";"-5,24";"";"16,98";"16,98";"22,22";"";"47,22";"324,05";"17 124";"";"";""
"NewEleven Funny Gifts For Boss - Thank You Card, Appreciation Present, Birthday Boss Gifts For Women, Men - Manager Gift From Staff, Coworker, Colleague - Greeting Card COG: 0,39 / Price: 5,99";"B0FC5XL613";"UU-WJ6M-WTFN";"2";"";"11,98";"";"";"";"";"";"";"";"";"";"-";"";"-6,57";"-0,78";"";"4,63";"4,63";"5,41";"";"38,65";"593,59";"8 473";"";"";""
"NewEleven Gifts For Husband - Husband Birthday Gift, Christian Gift For Him, Husbands - Anniversary Present For Him Hubby From Wife, Her - Decorative Glass Scripture Jar With 92 Bible Verse COG: 0 / Price: 17,98";"B0FC61VF9P";"5Y-ELMB-DGUB";"2";"";"35,96";"";"-29,15";"-29,15";"";"";"";"";"";"";"-";"";"-13,74";"";"";"-6,93";"-6,93";"-6,93";"";"-19,27";"";"17 124";"81,06";"";""
"NewEleven Going Away Gift - Farewell Gifts For Coworkers, Boss - Coworker Leaving Gifts For Women, Goodbye Gift Card For Colleague, Work Bestie - Greeting Card COG: 0,39 / Price: 7,99";"B0FC686CQV";"27-N5JD-WKOZ";"2";"";"15,98";"-0,56";"";"";"";"";"";"";"";"";"-";"";"-7,11";"-0,78";"";"7,53";"7,53";"8,31";"";"47,12";"965,38";"8 396";"";"";""
"NewEleven Retirement Gift For Woman - Retirement Card For Women, Men, Boss - Funny Retirements Gifts For Men, Farewell Gifts For Coworkers From Work Bestie, Colleague - Greeting Card COG: 0,39 / Price: 5,99";"B0FC69R4PK";"A9-HSHI-ATQO";"2";"";"11,98";"-0,3";"-8,38";"-8,38";"";"";"";"";"";"";"-";"";"-6,53";"-0,78";"";"-4,01";"-4,01";"-3,23";"";"-33,47";"-514,10";"8 474";"69,95";"";""
"NewEleven Retirement Card For Woman, Men - Funny Retirement Present, Goodbye Gifts For Coworkers, Farewell Gifts For Men, Boss From Coworker - Greeting Card COG: 0,39 / Price: 5,99";"B0FC6B7XH2";"XL-UV7U-G4EA";"2";"1";"11,98";"-0,3";"";"";"";"";"";"";"";"50,00";"-";"-4,94";"-6,51";"-0,78";"";"-0,55";"-0,55";"0,23";"";"-4,59";"-70,51";"8 474";"";"";""
"NewEleven Fathers Day Gift For Grandpa From Granddaughter, Grandson - Birthday Present Ideas For Grandfather, New Grampa, Promoted To Grandfather, Grandchildren, Grandkid - 20 Oz Tumbler COG: 4,77 / Price: 19,98";"B094CFGN42";"DW-NMEH-X37K";"1";"";"19,98";"";"";"";"";"";"";"";"";"";"-";"";"-7,45";"-4,77";"";"7,76";"7,76";"12,53";"";"38,84";"162,68";"38 969";"";"";""
"NewEleven Gifts For Mom From Daughter, Son, Kids - Unique Birthday Gift For Mom Wife, New Mother, Bonus Mama, Pregnant Mama - Funny Gifts Ideas For Mum - 20 Oz Tumbler COG: 4,2 / Price: 16,98";"B097B9H21P";"YP-SEHP-8NOP";"1";"";"16,98";"";"";"";"";"";"";"";"";"";"-";"";"-6,96";"-4,2";"";"5,82";"5,82";"10,02";"";"34,28";"138,57";"7 154";"";"";""
"NewEleven Gift For Uncle From Niece, Nephew - Funny Unkie Gift, Uncle Birthday Gifts - Best Present For New Uncles, Funcle, Unky Announcement - 20 Oz Tumbler COG: 4,29 / Price: 19,98";"B097H6PJCN";"C5-L2Z6-TAT4";"1";"";"19,98";"";"-1,6";"-1,6";"";"";"";"";"";"";"-";"";"-7,85";"-4,29";"";"6,24";"6,24";"10,53";"";"31,23";"145,45";"17 253";"8,01";"";""
"Neweleven Replacement Lid For 20 Oz NewEleven Tumbler - Pack of 2 lids COG: 0,96 / Price: 9,98";"B0995JRMHP";"O1-FU7J-W72I";"1";"";"9,98";"";"";"";"";"";"";"";"";"";"-";"";"-4,56";"-0,96";"";"4,46";"4,46";"5,42";"";"44,69";"464,58";"270 152";"";"";""
"NewEleven Retirement Gifts For Men Women 2025 - Retirement Party Decorations - Retired Presents For Coworker Leaving, Men, Retired People, Coworkers, Friends - 20 Oz Tumbler COG: 4,34 / Price: 19,98";"B09XXP5V2W";"FL-GKXG-L8RH";"1";"";"19,98";"";"-2,7";"-2,7";"";"";"";"";"";"";"-";"";"-7,44";"-4,34";"";"5,50";"5,50";"9,84";"";"27,53";"126,73";"54 126";"13,51";"";""
"NewEleven Coworker Leaving Gifts - Farewell Gifts, Going Away Gift For Coworker - New Job, Goodbye, Good Luck Gift For Coworkers, Colleagues, Boss, Men, Women, Friends - 20 Oz Tumbler COG: 4,22 / Price: 19,98";"B09ZYCD6GX";"1Q-FSNP-VBED";"1";"";"19,98";"";"";"";"";"";"";"";"";"";"-";"";"-7,45";"-4,22";"";"8,31";"8,31";"12,53";"";"41,59";"196,92";"30 649";"";"";""
"NEWELEVEN 16 Oz Coffee Glass - Mama Needs Coffee - Transparent Glass - Reusable - 16 oz - Casual - Cold Drinks - Christmas, Mother's Day, Birthday - 1 Count COG: 2,55 / Price: 16,99";"B0B9SF2R4R";"SB-OEYK-4VNP";"1";"";"16,99";"";"";"";"";"";"";"";"";"";"-";"";"-7,8";"-2,55";"";"6,64";"6,64";"9,19";"";"39,08";"260,39";"33 038";"";"";""
"NewEleven Gifts For Wife, Her - Wife Gifts From Husband - Gift For Her - Gift Ideas For Women, Bride To Be, Fiancee, Wifey - 16 Oz Coffee Glass COG: 2,92 / Price: 13,99";"B0BDLH8KX3";"47-ZC5Z-3DOW";"1";"";"13,99";"";"";"";"";"";"";"";"";"";"-";"";"-7,3";"-2,92";"";"3,77";"3,77";"6,69";"";"26,95";"129,11";"93 231";"";"";""
"NewEleven Coworker Leaving Gifts - Gifts For Coworker Farewell, Going Away, Goodbye, New Job - Good Luck Presents For Friends, Boss, Women, Work Bestie – 16 Oz Coffee Glass COG: 2,42 / Price: 14,98";"B0BRB6NJCT";"MF-GYAU-GTQX";"1";"";"14,98";"";"-7,34";"-7,34";"";"";"";"";"";"";"-";"";"-7,01";"-2,42";"";"-1,79";"-1,79";"0,63";"";"-11,95";"-73,97";"26 408";"49,00";"";""
"NewEleven Bridal Shower Gifts - Wedding Gifts For Bride - Bachelorette Gift, Engagement Presents For Women - Gift For Bride To Be, Fiancee, Wifey, Her - 16 Oz Coffee Glass COG: 2,18 / Price: 13,98";"B0BRCCZLL8";"63-QY4L-OED4";"1";"";"13,98";"";"";"";"";"";"";"";"";"";"-";"";"-7,3";"-2,18";"";"4,50";"4,50";"6,68";"";"32,19";"206,42";"93 231";"";"";""
"NewEleven Gifts For Dog Lovers, Dogs Owners, Dog Moms, Fur Mama - Dog Mom Gifts For Women - Cute Funny Gift For Women, Best Friend, Girlfriend - 16 Oz Coffee Glass COG: 2,13 / Price: 9,99";"B0BRCG7S9H";"2R-X9LF-IOEW";"1";"";"9,99";"";"";"";"";"";"";"";"";"";"-";"";"-5,43";"-2,13";"";"2,43";"2,43";"4,56";"";"24,32";"114,08";"53 787";"";"";""
"NewEleven Gifts For Book Lovers - Book Lovers Gifts For Women - Bookish Gift for Readers, Librarians, Bookaholics, Bookworm - Birthday Gift For Women, Her, Best Friend – 16 Oz Coffee Glass COG: 2,25 / Price: 12,98";"B0BYDDFNBD";"BC-HKBD-KBAM";"1";"1";"12,98";"";"";"";"";"";"";"";"";"100,00";"-";"-11,26";"-7,14";"-2,25";"";"-7,67";"-7,67";"-5,42";"";"-59,09";"-340,89";"44 208";"";"";""
"NewEleven Gifts For Sister From Sister, Brother - Unique Birthday Present For Sisters, Soul Sis, Big, Little Sisters, Sis In Law, Sibling, Bestie - 16 Oz Coffee Glass COG: 2,13 / Price: 16,98";"B0C9C5VX7S";"T8-BRCL-CEUK";"1";"";"16,98";"";"";"";"";"";"";"";"";"";"-";"";"-7,68";"-2,13";"";"7,17";"7,17";"9,3";"";"42,23";"336,62";"93 271";"";"";""
"NewEleven Coworker Leaving Gifts - Farewell, Going Away Gift For Coworker - New Job, Goodbye, Good Luck Gifts For Coworkers, Colleagues, Boss, Men, Women, Friends - 20 Oz Tumbler COG: 3,71 / Price: 19,98";"B0CDLPSMGF";"CO-C7X6-C1NV";"1";"";"19,98";"";"";"";"";"";"";"";"";"";"-";"";"-7,85";"-3,71";"";"8,42";"8,42";"12,13";"";"42,14";"226,95";"30 649";"";"";""
"NewEleven Fathers Day Gift For Dad - Cool Dad Gifts From Daughter - Unique Birthday Present Ideas For Father, Husband, Bonus Father, Step Papa, New Papa From Daughter - 20 Oz Tumbler COG: 3,56 / Price: 17,98";"B0CJLF7CW6";"JY-5OP2-ZVFB";"1";"";"17,98";"";"-5,04";"-5,04";"";"";"";"";"";"";"-";"";"-7,54";"-3,56";"";"1,84";"1,84";"5,4";"";"10,23";"51,69";"38 969";"28,03";"";""
"NewEleven Fathers Day Gift For Grandpa - Grandpa Gifts From Granddaughter, Grandson - Unique Birthday Present Ideas For Grandfather, New Granddad, Promoted To Granddad, Grandchildren - 20 Oz Tumbler COG: 3,48 / Price: 19,98";"B0CQ4X98YF";"IW-TRN7-KQLA";"1";"";"19,98";"";"";"";"";"";"";"";"";"";"-";"";"-7,44";"-3,48";"";"9,06";"9,06";"12,54";"";"45,35";"260,34";"7 155";"";"";""
"NewEleven Birthday Gifts For Women - Funny Gag Gifts Ideas For Mom, Grandma, Wife, Her, Sister, Coworker - 40th 50th 60th 70th 80th Birthday Gifts For Women – 20 Oz Tumbler COG: 3,48 / Price: 15,98";"B0CT8JTMF8";"T3-8QDV-BD6U";"1";"";"15,98";"";"";"";"";"";"";"";"";"";"-";"";"-6,82";"-3,48";"";"5,68";"5,68";"9,16";"";"35,54";"163,22";"3 305";"";"";""
"NewEleven 40th Birthday Gifts For Women - 40s Birthday Decorations For Women - 40 Year Old Gifts For Her, Woman, Sister, Mom, Daughter, Best Friend - In My Forties Era Glass - 16 Oz Coffee Glass COG: 2,61 / Price: 15,98";"B0CYPWBV21";"SB-QEC6-U9NU";"1";"";"15,98";"";"-6,9";"-6,9";"";"";"";"";"";"";"-";"";"-7,54";"-2,61";"";"-1,07";"-1,07";"1,54";"";"-6,70";"-41,00";"8 696";"43,18";"";""
"NewEleven Bridal Shower Gifts - Wedding Gifts For Bride - Bachelorette Party, Engagement Gift For Women - Gift For Bride To Be, Fiancee, Wifey, Her - 16 Oz Coffee Glass COG: 2,35 / Price: 9,99";"B0CYSTZG5R";"UH-A4QB-NCR6";"1";"";"9,99";"";"";"";"";"";"";"";"";"";"-";"";"-5,87";"-2,35";"";"1,77";"1,77";"4,12";"";"17,72";"75,32";"93 230";"";"";""
"NewEleven Gifts For Teacher - Teacher Gifts For Women - Teachers Appreciation, Retirement, Graduation Presents - End Of Year Teachers Gift From Student - 16 Oz Coffee Glass COG: 3,53 / Price: 14,99";"B0D1GHNG9D";"DQ-DU5J-C7CQ";"1";"1";"14,99";"";"-0,29";"";"-0,29";"";"";"";"";"100,00";"100";"-7,74";"-0,52";"-3,53";"";"2,91";"2,91";"2,91";"";"19,41";"82,44";"105 165";"1,93";"";""
"NewEleven Gifts For Godmother - Will You Be My Godmother From GodChild - Pregnancy Announcement Gifts For Godmom, Godparents - 16 Oz Coffee Glass COG: 2,58 / Price: 17,98";"B0D2NSHWZK";"J5-EJIM-0Y8E";"1";"";"17,98";"";"";"";"";"";"";"";"";"";"-";"";"-7,87";"-2,58";"";"7,53";"7,53";"10,11";"";"41,88";"291,86";"56 116";"";"";""
"NewEleven Witchy Gifts for Women, Witch Gifts, Witch Stuff, Witch Accessories - Birthday Halloween Presents for Women Witches Wiccan Her Friend Sister Daughter Female - 16 Oz Coffee Glass COG: 2,65 / Price: 15,99";"B0D5YGB4KV";"ZB-3CPZ-WSS8";"1";"";"15,99";"";"";"";"";"";"";"";"";"";"-";"";"-7,61";"-2,65";"";"5,73";"5,73";"8,38";"";"35,83";"216,23";"151 876";"";"";""
"NewEleven 30th Birthday Gifts For Women - 30s Birthday Decorations For Women - 30 Year Old Gifts For Her, Woman, Sister, Mom, Daughter, Best Friend - In My Thirties Era Wine Tumbler - 12 Oz Tumbler COG: 3,16 / Price: 12,98";"B0D79751XN";"BA-CM7Z-VMQN";"1";"";"12,98";"";"";"";"";"";"";"";"";"";"-";"";"-6,28";"-3,16";"";"3,54";"3,54";"6,7";"";"27,27";"112,03";"9 694";"";"";""
"NewEleven Retirement Candle - Funny Retirement Gift for Woman - Retired Gift Idea for Mom, Nurse, Teacher, Coworker & Friends - Scented Candle COG: 4,66 / Price: 15,98";"B0D831XY4Y";"8G-IBWS-BHP3";"1";"";"15,98";"";"";"";"";"";"";"";"";"";"-";"";"-8";"-4,66";"";"3,32";"3,32";"7,98";"";"20,78";"71,24";"177 277";"";"";""
"NewEleven Gifts For Mom, New Mom – 2025 Pregnancy Gifts For First Time Mother, Pregnant, Expecting Mama, Mother To Be, Mama, Mommy To Be - 16 Oz Coffee Glass COG: 1,7 / Price: 12,99";"B0DCJQ2SKV";"F5-C0C3-Z1JN";"1";"";"12,99";"";"";"";"";"";"";"";"";"";"-";"";"-7,15";"-1,7";"";"4,14";"4,14";"5,84";"";"31,87";"243,53";"12 022";"";"";""
"NewEleven 60th Birthday Gifts For Men Women - 1965 60th Birthday Decorations For Him Her - Turning 60 Year Old Gifts For Man, Woman, Mom, Dad, Wife, Husband - 20 Oz Tumbler COG: 3,35 / Price: 21,98";"B0DHCFTYVW";"06-AGXV-L5EK";"1";"";"21,98";"";"";"";"";"";"";"";"";"";"-";"";"-7,75";"-3,35";"";"10,88";"10,88";"14,23";"";"49,50";"324,78";"3 304";"";"";""
"NewEleven Thank You Gifts for Women, Nurses, Teacher, Coworker, Friends - Gift for Women, Appreciation Present for Coworkers, Farewell, BFF, Woman, Men - Glass Christmas Ornaments COG: 1,9 / Price: 5,99";"B0DJY7689G";"2F-J6P4-R5IG";"1";"";"5,99";"";"";"";"";"";"";"";"";"";"-";"";"-3,89";"-1,9";"";"0,20";"0,20";"2,1";"";"3,34";"10,53";"399 964";"";"";""
"NewEleven Engagement Gifts for Couples 2024 - First Christmas Engaged Gifts for Her - Engagement Gift for Newly Engaged Couples, Her, Women, Friends, Bride to Be Gift, Glass Christmas Ornaments COG: 2,09 / Price: 7,99";"B0DK16SMD9";"Q6-R02W-6Y1G";"1";"";"7,99";"";"";"";"";"";"";"";"";"";"-";"";"-4,24";"-2,09";"";"1,66";"1,66";"3,75";"";"20,78";"79,43";"83 774";"";"";""
"NewEleven 1985 40th Birthday Gifts For Women - 40 Year Old Birthday Gifts Idea For Women, Her, Mom, Wife - Turning 40 Gift For Woman - 20 Oz Tumbler COG: 3,58 / Price: 21,98";"B0DM61B4F2";"1Y-PY2P-6Q4W";"1";"";"21,98";"";"-1,94";"-1,94";"";"";"";"";"";"";"-";"";"-7,75";"-3,58";"";"8,71";"8,71";"12,29";"";"39,63";"243,30";"3 362";"8,83";"";""
"NewEleven House Warming Gifts, New Home Ornament 2025, Dream Home Gift Ideas Decor - Welcome Home Gifts, Housewarming Gift New Home, Best Housewarming Presents 2025 - Glass Ornament COG: 2,33 / Price: 9,99";"B0DPM5JXP7";"BK-7AQP-YXO7";"1";"";"9,99";"";"-8,95";"-8,95";"";"";"";"";"";"";"-";"";"-4,56";"-2,33";"";"-5,85";"-5,85";"-3,52";"";"-58,56";"-251,07";"83 778";"89,59";"";""
"NewEleven Engagement Gifts for Couples 2025 - Gift for Newly Engaged Couples, Happy Engagement Gifts for Her, Women, Friends, Bride to Be Gift, Glass Christmas Ornaments COG: 2,1 / Price: 9,99";"B0DR1SNKVX";"4L-EMQE-OQ2Y";"1";"";"9,99";"";"";"";"";"";"";"";"";"";"-";"";"-4,56";"-2,1";"";"3,33";"3,33";"5,43";"";"33,33";"158,57";"83 778";"";"";""
"NewEleven Funny Gifts For Mom, Mothers Day Card For Mom From Daughter, Kids On Mother's Day - Funny Mothers Day Gifts, Birthday Present, Humorous Greeting Cards For Mother COG: 0,42 / Price: 7,99";"B0F2TC6CP7";"GI-HLHH-RG89";"1";"";"7,99";"";"";"";"";"";"";"";"";"";"-";"";"-3,6";"-0,42";"";"3,97";"3,97";"4,39";"";"49,69";"945,24";"12 342";"";"";""
"NewEleven Dad Birthday Card - Gifts For Dad From Daughter, Son, Kid - Father's Day Gift Idea For Dads, Bonus Dads - Humorous Greeting Card COG: 0,44 / Price: 7,99";"B0F59YJV71";"50-79MF-SYWH";"1";"";"7,99";"";"";"";"";"";"";"";"";"";"-";"";"-3,6";"-0,44";"";"3,95";"3,95";"4,39";"";"49,44";"897,73";"12 341";"";"";""
"NewEleven Grandpa Gifts - Grandpa Birthday Gifts, Gift For Grandparents From Kids, Child - Birthday Gift, Heartfelt Message, Fathers Day Card For Grandpa, Papa - Greeting Card COG: 0,44 / Price: 7,99";"B0F59Z29ZR";"OQ-C9LE-D894";"1";"";"7,99";"";"";"";"";"";"";"";"";"";"-";"";"-3,6";"-0,44";"";"3,95";"3,95";"4,39";"";"49,44";"897,73";"12 341";"";"";""
"NewEleven Gifts For Grandma - Christian Gift, Nana Gift, Grandma Birthday Gifts From Granddaughter, Grandson, Kids - Decorative Glass Inspirational Scripture Jar with 92 Bible Verse COG: 0 / Price: 17,98";"B0FBQZZK71";"RW-PY02-EIMY";"1";"";"17,98";"";"-9,1";"-9,1";"";"";"";"";"";"";"-";"";"-7,54";"";"";"1,34";"1,34";"1,34";"";"7,45";"";"17 124";"50,61";"";""
"NewEleven Gifts For Wife - Anniversary Present, Wife Birthday Gift Ideas, Christian Present For Wifes From Husband - Decorative Glass Scripture Jar With 92 Bible Verse COG: 0 / Price: 17,98";"B0FC53MMVC";"U9-FQBG-WUD3";"1";"";"17,98";"";"-10,44";"-10,44";"";"";"";"";"";"";"-";"";"-8,31";"";"";"-0,77";"-0,77";"-0,77";"";"-4,28";"";"17 124";"58,06";"";""
"NewEleven Christian Gifts For Son - Birthday Gift, Meaningful Present, Graduation Gift For Son - Gifts For Sons Adult From Mom, Dad - Decorative Glass Inspirational Scripture Jar with 92 Bible Verse COG: 0 / Price: 17,98";"B0FC5WKS3T";"8V-M28O-07YS";"1";"";"17,98";"";"";"";"";"";"";"";"";"";"-";"";"-6,87";"";"";"11,11";"11,11";"11,11";"";"61,79";"";"17 124";"";"";""
"NewEleven Dog Mom Gifts For Women - Funny Dog Dad Gift, Cute Card For Dog Lover - Birthday Cards, Dog Dad Gifts For Men From Wife, Her, Friend - Greeting Card COG: 0,39 / Price: 6,99";"B0FC65Z1KQ";"ZM-69AN-C3J3";"1";"";"6,99";"";"";"";"";"";"";"";"";"";"-";"";"-3,45";"-0,39";"";"3,15";"3,15";"3,54";"";"45,06";"807,69";"12 342";"";"";""
"NewEleven Gift For Boss - Thank You Boss Gifts For Women, Men, Leader - Meaningful Present, Appreciation Gifts For Boss From Coworker, Staff - Greeting Card COG: 0,39 / Price: 5,99";"B0FC65ZB93";"S6-VP1K-5XOQ";"1";"";"5,99";"";"";"";"";"";"";"";"";"";"-";"";"-3,29";"-0,39";"";"2,31";"2,31";"2,7";"";"38,56";"592,31";"8 474";"";"";""
"NewEleven Farewell Gifts For Coworkers - Coworker Leaving Gifts For Women, Goodbye Gift Card, Going Away Gift For Colleague, Work Bestie - Greeting Card COG: 0,39 / Price: 5,99";"B0FC68NMQ2";"UO-G2CF-RBYF";"1";"";"5,99";"-0,42";"";"";"";"";"";"";"";"";"-";"";"-3,21";"-0,39";"";"1,97";"1,97";"2,36";"";"32,89";"505,13";"8 473";"";"";""
"NewEleven Cat Mom Gifts For Women - Cat Birthday Card, Funny Gift For Cat Lover, Cat Mom, Her - Cat Lover Gifts For Women From Friend, Family - Greeting Card COG: 0,39 / Price: 6,99";"B0FC6CY15S";"5P-CAQZ-6FK5";"1";"";"6,99";"";"-1,2";"-1,2";"";"";"";"";"";"";"-";"";"-3,44";"-0,39";"";"1,96";"1,96";"2,35";"";"28,04";"502,56";"12 341";"17,17";"";""
"NewEleven Wedding Gifts For Couples 2025 - Heartfelt Message, Meaningful Wedding Card For Bride, Groom - Newly Wed Gifts For The Couple From Friend, Family - Greeting Card COG: 0,39 / Price: 5,99";"B0FC6DL8X8";"XK-EXGK-T2H0";"1";"";"5,99";"";"";"";"";"";"";"";"";"";"-";"";"0,85";"-0,78";"";"6,06";"6,06";"6,84";"";"101,17";"776,92";"18 443";"";"";""
"NEWELEVEN Valentines Gifts For Men - Aprons For Men With Pockets - Funny Gifts For Him - BBQ Kitchen Chef Apron COG: 3,54 / Price: 12,98";"B08ZYGT8SH";"QV-HPXT-L8DT";"";"";"";"";"-14,74";"-14,74";"";"";"";"";"";"";"-";"";"";"";"";"-14,74";"-14,74";"-14,74";"";"";"";"36 180";"";"";""
"NewEleven 20 Oz Tumbler - Farewell Gift for Coworker, BPA-Free Stainless Steel Drinking Cup, Double Wall Vacuum Insulation, Going Away Gift for Men Women, Good Luck Gifts COG: 4,44 / Price: 19,98";"B09XDFF8FF";"HR-LSGT-JYQH";"";"";"";"";"-0,8";"-0,8";"";"";"";"";"";"";"-";"";"";"";"";"-0,80";"-0,80";"-0,8";"";"";"";"53 442";"";"";""
"NewEleven Gifts For Friends, Bestie – Work Bestie Presents For Women Friends - Appreciation Gifts For Coworkers, Unique Present Ideas For Coworker Leaving, Farewell Party – 16 Oz Coffee Glass COG: 2,17 / Price: 14,98";"B0CBJQZCFY";"2D-H3QH-UR6F";"";"1";"";"";"";"";"";"";"";"";"";"∞";"-";"-13";"";"";"";"-13,00";"-13,00";"-13";"";"";"";"26 408";"";"";""
"NewEleven Retirement Gifts For Women 2025 - Happy Retirement Party Decorations - Coworker Leaving Gifts, Farewell Gift, Goodbye Gift For Coworkers, Friends - 16 Oz Wine Glass COG: 4,41 / Price: 23,98";"B0CWNTN1JN";"XL-MR6A-RPZ5";"";"";"";"";"-0,9";"-0,9";"";"";"";"";"";"";"100";"4,41";"";"";"";"3,51";"3,51";"-0,9";"";"";"";"15 422";"";"";""
"NewEleven Gifts For Book Lovers - Book Lovers Gifts For Women - Book Themed Gift for Readers, Librarians, Bookaholics - Birthday Gift For Women, Her, Best Friend – 16 Oz Coffee Glass COG: 2,32 / Price: 12,98";"B0CZDV6J3V";"0B-GUIB-F6GL";"";"";"";"";"-2,29";"-2,29";"";"";"";"";"";"";"-";"";"";"";"";"-2,29";"-2,29";"-2,29";"";"";"";"44 208";"";"";""
"NewEleven Gifts For Girl Mom - Gift For A Mom Of Girls, Pregnant Moms, Expecting Moms, Mama, Mother To Be, Mommy To Be, First Time Mommy - 16 Oz Coffee Glass COG: 2,46 / Price: 15,98";"B0D1K731RT";"9U-YWFQ-3O7Z";"";"1";"";"";"";"";"";"";"";"";"";"∞";"-";"-13,18";"";"";"";"-13,18";"-13,18";"-13,18";"";"";"";"12 021";"";"";""
"NewEleven Gifts For New Mom 2025 – Pregnancy Gifts For First Time Mom, Pregnant Mommy, Expecting Mother, Moms To Be, Mommy To Be, New Moms - 16 Oz Coffee Glass COG: 2,23 / Price: 12,99";"B0DCJM56W3";"SG-SV6L-3ILW";"";"";"";"";"-1,87";"-1,87";"";"";"";"";"";"";"-";"";"";"";"";"-1,87";"-1,87";"-1,87";"";"";"";"12 021";"";"";""
"NewEleven 50th Birthday Gifts for Men Women - 1975 Birthday Decorations for Him, Her - Gifts for People Turning 50 Year Old Mom, Dad, Wife, Husband - Retro Trucker Hat COG: 1,99 / Price: 17,98";"B0DHC2C1S4";"S1-6FQM-HSP6";"";"";"";"";"-0,62";"-0,62";"";"";"";"";"";"";"100";"1,99";"";"";"";"1,37";"1,37";"-0,62";"";"";"";"134 805";"";"";""
"NewEleven Teacher Appreciation Christmas Ornament 2025 - Gift for Women, End of Year from Student, Retirement - Ceramic COG: 0,9 / Price: 7,99";"B0DK15Y5WB";"RN-DVIA-IJDI";"";"";"";"";"-6,09";"";"-6,09";"";"";"";"";"";"-";"";"";"";"";"-6,09";"-6,09";"-6,09";"";"";"";"989 583";"";"";""
"NewEleven Teacher Appreciation Gifts For Women, Thank You Gift for Teachers, Inspirational School Teacher Gifts from Students for Birthday, Retirement, Bible Jar For Teachers with 92 Bible Verses COG: 2,33 / Price: 18,98";"B0DVSJLHZN";"W1-8IDB-BZ73";"";"2";"";"";"";"";"";"";"";"";"";"∞";"-";"-29,02";"";"";"";"-29,02";"-29,02";"-29,02";"";"";"";"17 124";"";"";""
"NewEleven Birthday Gifts For Mom, Funny Card Gifts For Mom, Awesome Mommy Present From Daughter, Best Mother's Day Gift Idea For Wife, Sister - Humorous Greeting Card COG: 0,45 / Price: 9,99";"B0F2T4JDF7";"AU-GMLU-KG6Z";"";"";"";"";"-1,95";"-1,95";"";"";"";"";"";"";"-";"";"";"";"";"-1,95";"-1,95";"-1,95";"";"";"";"12 341";"";"";""
"NewEleven Birthday Card For Dad - Fathers Day Gift, Dad Gifts From Daughter, Son, Wife - Funnny Present, Dads Gift Idea For Bonus Dads, Father, Father In Law - Greeting Card COG: 0,44 / Price: 7,99";"B0F59S8H6T";"IA-GG14-LH7P";"";"";"";"";"";"";"";"";"";"";"";"";"-";"";"-7,98";"0,44";"";"-7,54";"-7,54";"-7,98";"";"";"1 713,64";"12 341";"";"";""
"NewEleven Gifts For Men - Romantic Gifts For Boyfriend, Husband, Him - Couple Gift Cards, Anniversary Card For Husband From Wife, Her - Greeting Card COG: 0,42 / Price: 6,99";"B0FC5Q3KVJ";"BP-IWCY-92GM";"";"";"";"";"";"";"";"";"";"";"";"";"-";"";"-96,32";"";"";"-96,32";"-96,32";"-96,32";"";"";"";"18 444";"";"";""
"NewEleven Best Friend Gift - Funny Card, Best Friend Birthday Gifts For Women, Her, Girls - Bestie Present, Meaningful Gift From Friends - Greeting Card COG: 0,39 / Price: 5,99";"B0FC62VRRC";"OF-YAJT-Y5A4";"";"";"";"";"-10,49";"-10,49";"";"";"";"";"";"";"-";"";"";"";"";"-10,49";"-10,49";"-10,49";"";"";"";"8 474";"";"";""
"NewEleven Teacher Thank You Cards - Teachers Appreciation Gifts, Heartfelt Messeage, Meaningful Thank You Teacher Gifts From Student, Kids - Greeting Card COG: 0,39 / Price: 4,99";"B0FC6CL2XN";"DM-O5C7-TN8L";"";"";"";"";"-2,53";"-2,53";"";"";"";"";"";"";"-";"";"";"";"";"-2,53";"-2,53";"-2,53";"";"";"";"8 473";"";"";""
"NewEleven Funny Retirement Gifts For Men - Farewell Gifts For Coworkers, Funny Present For Boss, Colleague - Retirement Card For Men From Friend, Work Bestie - Greeting Card COG: 0,39 / Price: 5,99";"B0FC6DMH5L";"7P-OJZF-5789";"";"";"";"";"-3,76";"-3,76";"";"";"";"";"";"";"-";"";"";"";"";"-3,76";"-3,76";"-3,76";"";"";"";"8 473";"";"";""
